-- MySQL dump 10.13  Distrib 5.1.65, for apple-darwin10.3.0 (i386)
--
-- Host: localhost    Database: cbcl_production
-- ------------------------------------------------------
-- Server version	5.1.65

/*!40101 SET @OLD_CHARACTER_SET_CLIENT=@@CHARACTER_SET_CLIENT */;
/*!40101 SET @OLD_CHARACTER_SET_RESULTS=@@CHARACTER_SET_RESULTS */;
/*!40101 SET @OLD_COLLATION_CONNECTION=@@COLLATION_CONNECTION */;
/*!40101 SET NAMES utf8 */;
/*!40103 SET @OLD_TIME_ZONE=@@TIME_ZONE */;
/*!40103 SET TIME_ZONE='+00:00' */;
/*!40014 SET @OLD_UNIQUE_CHECKS=@@UNIQUE_CHECKS, UNIQUE_CHECKS=0 */;
/*!40014 SET @OLD_FOREIGN_KEY_CHECKS=@@FOREIGN_KEY_CHECKS, FOREIGN_KEY_CHECKS=0 */;
/*!40101 SET @OLD_SQL_MODE=@@SQL_MODE, SQL_MODE='NO_AUTO_VALUE_ON_ZERO' */;
/*!40111 SET @OLD_SQL_NOTES=@@SQL_NOTES, SQL_NOTES=0 */;

--
-- Table structure for table `surveys`
--

DROP TABLE IF EXISTS `surveys`;
/*!40101 SET @saved_cs_client     = @@character_set_client */;
/*!40101 SET character_set_client = utf8 */;
CREATE TABLE `surveys` (
  `id` int(11) NOT NULL AUTO_INCREMENT,
  `title` varchar(40) COLLATE utf8_danish_ci DEFAULT NULL,
  `category` varchar(255) COLLATE utf8_danish_ci DEFAULT NULL,
  `description` text COLLATE utf8_danish_ci,
  `age` varchar(255) COLLATE utf8_danish_ci DEFAULT NULL,
  `surveytype` varchar(15) COLLATE utf8_danish_ci DEFAULT NULL,
  `color` varchar(7) COLLATE utf8_danish_ci DEFAULT NULL,
  `position` int(11) DEFAULT '99',
  `prefix` varchar(255) COLLATE utf8_danish_ci DEFAULT NULL,
  PRIMARY KEY (`id`)
) ENGINE=InnoDB AUTO_INCREMENT=6 DEFAULT CHARSET=utf8 COLLATE=utf8_danish_ci;
/*!40101 SET character_set_client = @saved_cs_client */;

--
-- Dumping data for table `surveys`
--

LOCK TABLES `surveys` WRITE;
/*!40000 ALTER TABLE `surveys` DISABLE KEYS */;
INSERT INTO `surveys` VALUES (1,'CBCL: 1 1/2-5 (Forældreskema)','CBCL','Spørgeskema om barnets adfærd (Forældreskema) 1 1/2-5 år','1.5-5','parent','4499FF',1,'cc'),(2,'CBCL: 6-16 år (Forældreskema)','CBCL','Spørgeskema om barnets adfærd (Forældreskema) 6-16 år','6-16','parent','88DDFF',3,'ccy'),(3,'C-TRF: 1 1/2-5 (Pædagogskema)','C-TRF','Spørgeskema om barnets adfærd (pædagogskema) 1 1/2-5 år','1.5-5','pedagogue','55FF44',2,'ct'),(4,'TRF: 6-16 år (Lærerskema)','TRF','Spørgeskema om barnets adfærd (Lærerskema) 6-16 år','6-16','teacher','99FF77',5,'tt'),(5,'YSR: 11-16 år (Selvrapportskema)','YSR','Selvrapportskema for unge 11-16 år','11-16','youth','FFFF77',4,'ycy');
/*!40000 ALTER TABLE `surveys` ENABLE KEYS */;
UNLOCK TABLES;

--
-- Table structure for table `questions`
--

DROP TABLE IF EXISTS `questions`;
/*!40101 SET @saved_cs_client     = @@character_set_client */;
/*!40101 SET character_set_client = utf8 */;
CREATE TABLE `questions` (
  `id` int(11) NOT NULL AUTO_INCREMENT,
  `survey_id` int(11) NOT NULL,
  `number` int(11) NOT NULL,
  `ratings_count` int(11) DEFAULT NULL,
  `columns` int(11) DEFAULT '3',
  PRIMARY KEY (`id`),
  KEY `fk_questions_surveys` (`survey_id`),
  CONSTRAINT `fk_questions_surveys` FOREIGN KEY (`survey_id`) REFERENCES `surveys` (`id`)
) ENGINE=InnoDB AUTO_INCREMENT=278 DEFAULT CHARSET=utf8 COLLATE=utf8_danish_ci;
/*!40101 SET character_set_client = @saved_cs_client */;

--
-- Dumping data for table `questions`
--

LOCK TABLES `questions` WRITE;
/*!40000 ALTER TABLE `questions` DISABLE KEYS */;
INSERT INTO `questions` VALUES (1,2,1,6,3),(2,2,2,6,3),(3,2,3,3,3),(4,2,4,3,3),(5,2,5,0,3),(6,2,6,4,3),(7,2,7,11,2),(8,1,2,1,3),(9,2,8,1,3),(10,1,3,5,3),(11,3,8,1,3),(18,4,12,119,3),(19,5,8,119,3),(20,2,10,119,2),(25,1,1,100,3),(31,3,1,1,3),(32,3,2,0,3),(33,3,3,0,3),(34,3,5,1,3),(51,5,1,6,3),(52,5,2,6,3),(53,5,3,3,3),(54,5,4,3,3),(55,5,5,0,3),(56,5,6,4,3),(57,5,7,7,2),(214,4,2,1,3),(215,4,3,0,3),(216,4,4,0,3),(219,4,7,7,2),(220,4,8,4,3),(221,4,9,0,3),(222,4,10,0,3),(223,4,11,0,3),(224,4,1,0,4),(231,3,4,0,3),(237,3,6,1,3),(272,3,7,100,3),(275,4,0,0,4),(276,4,5,1,3),(277,4,6,1,3);
/*!40000 ALTER TABLE `questions` ENABLE KEYS */;
UNLOCK TABLES;

--
-- Table structure for table `question_cells`
--

DROP TABLE IF EXISTS `question_cells`;
/*!40101 SET @saved_cs_client     = @@character_set_client */;
/*!40101 SET character_set_client = utf8 */;
CREATE TABLE `question_cells` (
  `id` int(11) NOT NULL AUTO_INCREMENT,
  `question_id` int(11) NOT NULL,
  `type` varchar(20) COLLATE utf8_danish_ci DEFAULT NULL,
  `col` int(11) DEFAULT NULL,
  `row` int(11) DEFAULT NULL,
  `answer_item` varchar(5) COLLATE utf8_danish_ci DEFAULT NULL,
  `items` text COLLATE utf8_danish_ci,
  `preferences` varchar(255) COLLATE utf8_danish_ci DEFAULT NULL,
  `prop_mask` int(11) DEFAULT '0',
  PRIMARY KEY (`id`),
  KEY `index_question_cells_on_question_id` (`question_id`)
) ENGINE=InnoDB AUTO_INCREMENT=2042 DEFAULT CHARSET=utf8 COLLATE=utf8_danish_ci;
/*!40101 SET character_set_client = @saved_cs_client */;

--
-- Dumping data for table `question_cells`
--

LOCK TABLES `question_cells` WRITE;
/*!40000 ALTER TABLE `question_cells` DISABLE KEYS */;
INSERT INTO `question_cells` VALUES (40,20,'Rating',1,114,'104','radio::0::0###radio::1::1###radio::2::2','--- \n:required: true\n',1),(41,20,'Rating',1,96,'86','radio::0::0###radio::1::1###radio::2::2','--- \n:required: true\n',1),(42,20,'Rating',1,57,'55','radio::0::0###radio::1::1###radio::2::2','--- \n:required: true\n',1),(43,20,'ListItem',2,64,'56f','listitem::::Mavesmerter','',0),(44,20,'ListItemComment',2,115,'105','listitem::::Indtager alkohol eller stoffer uden lægelig begrundelse (beskriv)###textbox::::','',3),(45,20,'ListItem',2,96,'86','listitem::::Stædig, mut eller irritabel','',0),(46,20,'Rating',1,6,'4','radio::0::0###radio::1::1###radio::2::2','--- \n:required: true\n',1),(47,20,'ListItem',2,57,'55','listitem::::Overvægtig','',0),(48,20,'Rating',1,107,'97','radio::0::0###radio::1::1###radio::2::2','--- \n:required: true\n',1),(49,20,'Rating',1,75,'65','radio::0::0###radio::1::1###radio::2::2','--- \n:required: true\n',1),(50,20,'Rating',1,50,'48','radio::0::0###radio::1::1###radio::2::2','--- \n:required: true\n',1),(51,20,'Rating',1,35,'33','radio::0::0###radio::1::1###radio::2::2','--- \n:required: true\n',1),(52,20,'ListItem',2,6,'4','listitem::::Bliver ikke færdig med de ting, som han/hun begynder på','',0),(53,20,'Rating',1,28,'26','radio::0::0###radio::1::1###radio::2::2','--- \n:required: true\n',1),(54,20,'ListItem',2,108,'98','listitem::::Sutter på finger','',0),(55,20,'ListItem',2,75,'65','listitem::::Nægter at tale','',0),(56,20,'ListItem',2,50,'48','listitem::::Ikke vellidt af andre børn','',0),(57,20,'ListItem',2,35,'33','listitem::::Føler eller beklager sig over at ingen holder af ham/hende','',0),(58,20,'ListItem',2,28,'26','listitem::::Har tilsyneladende ikke skyldfølelse efter at have opført sig dårligt','',0),(59,20,'Rating',1,68,'58','radio::0::0###radio::1::1###radio::2::2','--- \n:required: true\n',1),(60,20,'ListItemComment',2,68,'58','listitem::::Piller næse, hud eller andre dele af kroppen (beskriv)###textbox::::','',3),(61,20,'Rating',1,117,'107','radio::0::0###radio::1::1###radio::2::2','--- \n:required: true\n',1),(62,20,'Rating',1,99,'89','radio::0::0###radio::1::1###radio::2::2','--- \n:required: true\n',1),(63,20,'Rating',1,84,'74','radio::0::0###radio::1::1###radio::2::2','--- \n:required: true\n',1),(64,20,'Rating',1,60,'56b','radio::0::0###radio::1::1###radio::2::2','--- \n:required: true\n',1),(65,20,'Rating',1,39,'37','radio::0::0###radio::1::1###radio::2::2','--- \n:required: true\n',1),(66,20,'ListItem',2,118,'108','listitem::::Tisser i sengen','',0),(67,20,'ListItem',2,99,'89','listitem::::Mistænksom','',0),(68,20,'ListItem',2,85,'75','listitem::::Sky eller genert','',0),(69,20,'Rating',1,9,'7','radio::0::0###radio::1::1###radio::2::2','--- \n:required: true\n',1),(70,20,'ListItem',2,60,'56b','listitem::::Hovedpine','',0),(71,20,'Rating',1,91,'81','radio::0::0###radio::1::1###radio::2::2','--- \n:required: true\n',1),(72,20,'Rating',1,77,'67','radio::0::0###radio::1::1###radio::2::2','--- \n:required: true\n',1),(73,20,'ListItem',2,39,'37','listitem::::Kommer ofte op at slås','',0),(74,20,'ListItem',2,9,'7','listitem::::Praler, viser sig','',0),(75,20,'Rating',1,10,'8','radio::0::0###radio::1::1###radio::2::2','--- \n:required: true\n',1),(76,20,'ListItem',2,111,'101','listitem::::Skulker eller pjækker fra skolen','',0),(77,20,'ListItem',2,78,'68','listitem::::Skriger meget','',0),(78,20,'ListItem',2,10,'8','listitem::::Kan ikke koncentrere sig, kan ikke være opmærksom i længere tid','',0),(79,20,'Rating',1,72,'62','radio::0::0###radio::1::1###radio::2::2','--- \n:required: true\n',1),(80,20,'Rating',1,42,'40','radio::0::0###radio::1::1###radio::2::2','--- \n:required: true\n',1),(81,20,'ListItem',2,72,'62','listitem::::Klodset eller dårlig til at koordinere sine bevægelser','',0),(82,20,'Rating',1,120,'110','radio::0::0###radio::1::1###radio::2::2','--- \n:required: true\n',1),(83,20,'Rating',1,122,'112','radio::0::0###radio::1::1###radio::2::2','--- \n:required: true\n',1),(84,20,'Rating',1,87,'77','radio::0::0###radio::1::1###radio::2::2','--- \n:required: true\n',1),(85,20,'ListItemComment',2,42,'40','listitem::::Hører lyde og stemmer som ikke er der (beskriv)###textbox::::','',3),(86,20,'Rating',1,80,'70','radio::0::0###radio::1::1###radio::2::2','--- \n:required: true\n',1),(87,20,'Rating',1,20,'18','radio::0::0###radio::1::1###radio::2::2','--- \n:required: true\n',1),(88,20,'ListItem',2,121,'111','listitem::::Tilbagetrukken, involverer sig ikke med andre','',0),(89,20,'ListItemComment',2,102,'92','listitem::::Taler eller går i søvne (beskriv)###textbox::::','',3),(90,20,'ListItem',2,88,'78','listitem::::Uopmærksom eller afledes let','',0),(91,20,'ListItem',2,81,'71','listitem::::Bliver let flov eller forlegen','',0),(92,20,'ListItem',2,20,'18','listitem::::Skader bevidst sig selv eller forsøger selvmord','',0),(93,20,'Rating',1,13,'11','radio::0::0###radio::1::1###radio::2::2','--- \n:required: true\n',1),(94,20,'ListItem',2,13,'11','listitem::::Klynger sig til voksne eller er for afhængig','',0),(95,20,'Rating',1,52,'50','radio::0::0###radio::1::1###radio::2::2','--- \n:required: true\n',1),(96,20,'Rating',1,92,'82','radio::0::0###radio::1::1###radio::2::2','--- \n:required: true\n',1),(97,20,'Rating',1,45,'43','radio::0::0###radio::1::1###radio::2::2','--- \n:required: true\n',1),(98,20,'Rating',1,30,'28','radio::0::0###radio::1::1###radio::2::2','--- \n:required: true\n',1),(99,20,'Information',1,1,NULL,'information::::Her er en liste over egenskaber som kan være til stede i større eller mindre grad. Marker for hver egenskab, hvorledes den passer på dit barn nu eller de sidste 6 måneder. Marker 2, hvis beskrivelsen passer godt eller ofte. Marker 1, hvis beskrivelsen passer til en vis grad eller nogen gange. Hvis beskrivelsen ikke passer på barnet, marker 0. Svar venligst så godt du kan på alle spørgsmålene.','',0),(100,20,'ListItem',2,52,'50','listitem::::For bange eller ængstelig','',0),(101,20,'ListItem',2,91,'81','listitem::::Stjæler hjemme','',0),(102,20,'ListItem',2,45,'43','listitem::::Lyver eller snyder','',0),(103,20,'ListItem',2,30,'28','listitem::::Overholder ikke regler hjemme, i skolen eller i andre sammenhænge','',0),(104,20,'Rating',1,23,'21','radio::0::0###radio::1::1###radio::2::2','--- \n:required: true\n',1),(105,20,'Rating',1,16,'14','radio::0::0###radio::1::1###radio::2::2','--- \n:required: true\n',1),(106,20,'Rating',1,102,'92','radio::0::0###radio::1::1###radio::2::2','--- \n:required: true\n',1),(107,20,'ListItem',2,23,'21','listitem::::Ødelægger ting der tilhører familien eller andre','',0),(108,20,'ListItem',2,16,'14','listitem::::Græder meget','',0),(109,20,'ListItem',2,104,'94','listitem::::Driller meget','',0),(110,20,'Rating',1,62,'56d','radio::0::0###radio::1::1###radio::2::2','--- \n:required: true\n',1),(111,20,'Rating',1,112,'102','radio::0::0###radio::1::1###radio::2::2','--- \n:required: true\n',1),(112,20,'Rating',1,94,'84','radio::0::0###radio::1::1###radio::2::2','--- \n:required: true\n',1),(113,20,'Rating',1,55,'53','radio::0::0###radio::1::1###radio::2::2','--- \n:required: true\n',1),(114,20,'ListItemComment',2,62,'56d','listitem::::Problemer med øjnene (beskriv).###textbox::::','',3),(115,20,'ListItem',2,113,'103','listitem::::Ulykkelig, trist eller deprimeret','',0),(116,20,'ListItemComment',2,94,'84','listitem::::Mærkelig opførsel (beskriv)###textbox::::','',3),(117,20,'Rating',1,4,'2','radio::0::0###radio::1::1###radio::2::2','--- \n:required: true\n',1),(118,20,'ListItem',2,55,'53','listitem::::Spiser for meget','',0),(119,20,'Rating',1,105,'95','radio::0::0###radio::1::1###radio::2::2','--- \n:required: true\n',1),(120,20,'Rating',1,73,'63','radio::0::0###radio::1::1###radio::2::2','--- \n:required: true\n',1),(121,20,'Rating',1,48,'46','radio::0::0###radio::1::1###radio::2::2','--- \n:required: true\n',1),(122,20,'Rating',1,33,'31','radio::0::0###radio::1::1###radio::2::2','--- \n:required: true\n',1),(123,20,'ListItemComment',2,4,'2','listitem::::Drikker alkohol uden forældrenes tilladelse (beskriv)###textbox::::','',3),(124,20,'Rating',1,26,'24','radio::0::0###radio::1::1###radio::2::2','--- \n:required: true\n',1),(125,20,'ListItem',2,106,'96','listitem::::Er meget optaget af sex','',0),(126,20,'ListItem',2,73,'63','listitem::::Foretrækker at være sammen med ældre børn','',0),(127,20,'ListItemComment',2,48,'46','listitem::::Nervøse bevægelser, tics eller trækninger (beskriv)###textbox::::','',3),(128,20,'ListItem',2,33,'31','listitem::::Er bange for at tænke eller gøre noget forkert','',0),(129,20,'Placeholder',1,123,'','placeholder::::','',0),(130,20,'ListItem',2,26,'24','listitem::::Spiser ikke godt','',0),(131,20,'Rating',1,19,'17','radio::0::0###radio::1::1###radio::2::2','--- \n:required: true\n',1),(132,20,'Rating',1,66,'56h','radio::0::0###radio::1::1###radio::2::2','--- \n:required: true\n',1),(133,20,'ListItem',2,19,'17','listitem::::Dagdrømmer eller fortaber sig i egne tanker','',0),(134,20,'ListItemComment',2,123,'113','listitem::::Skriv venligst hvilke problemer dit barn har, der ikke er nævnt på listen###textbox::::','',3),(135,20,'ListItemComment',2,66,'56h','listitem::::Andet (beskriv)###textbox::::','',3),(136,20,'Rating',1,115,'105','radio::0::0###radio::1::1###radio::2::2','--- \n:required: true\n',1),(137,20,'Rating',1,97,'87','radio::0::0###radio::1::1###radio::2::2','--- \n:required: true\n',1),(138,20,'Rating',1,82,'72','radio::0::0###radio::1::1###radio::2::2','--- \n:required: true\n',1),(139,20,'Placeholder',1,58,'56','placeholder::::','',0),(140,20,'Rating',1,36,'34','radio::0::0###radio::1::1###radio::2::2','--- \n:required: true\n',1),(141,20,'ListItem',2,116,'106','listitem::::Vandalisme (ødelæggelsestrang)','',0),(142,20,'ListItem',2,97,'87','listitem::::Svingende i humør eller følelser','',0),(143,20,'ListItemComment',2,83,'73','listitem::::Seksuelle problemer (beskriv)###textbox::::','',3),(144,20,'Rating',1,7,'5','radio::0::0###radio::1::1###radio::2::2','--- \n:required: true\n',1),(145,20,'ListItem',2,58,'56','listitem::::Fysiske problemer uden kendt medicinsk årsag:','',0),(146,20,'Rating',1,108,'98','radio::0::0###radio::1::1###radio::2::2','--- \n:required: true\n',1),(148,20,'ListItem',2,37,'35','listitem::::Føler sig værdiløs eller underlegen','',0),(149,20,'ListItem',2,7,'5','listitem::::Det er meget få ting han/hun nyder at lave','',0),(150,20,'Rating',1,29,'27','radio::0::0###radio::1::1###radio::2::2','--- \n:required: true\n',1),(151,20,'ListItem',2,109,'99','listitem::::Ryger cigaretter (tobak)','',0),(152,20,'ListItemComment',2,76,'66','listitem::::Gentager bestemte handlinger igen og igen, tvangshandlinger (beskriv)###textbox::::','',3),(153,20,'ListItem',2,29,'27','listitem::::Bliver let jaloux','',0),(154,20,'Rating',1,69,'59','radio::0::0###radio::1::1###radio::2::2','--- \n:required: true\n',1),(155,20,'ListItem',2,69,'59','listitem::::Leger med sine kønsorganer offentligt','',0),(156,20,'Rating',1,118,'108','radio::0::0###radio::1::1###radio::2::2','--- \n:required: true\n',1),(157,20,'Rating',1,110,'100','radio::0::0###radio::1::1###radio::2::2','--- \n:required: true\n',1),(158,20,'Rating',1,85,'75','radio::0::0###radio::1::1###radio::2::2','--- \n:required: true\n',1),(159,20,'Rating',1,111,'101','radio::0::0###radio::1::1###radio::2::2','--- \n:required: true\n',1),(160,20,'Rating',1,78,'68','radio::0::0###radio::1::1###radio::2::2','--- \n:required: true\n',1),(161,20,'Rating',1,40,'38','radio::0::0###radio::1::1###radio::2::2','--- \n:required: true\n',1),(162,20,'ListItem',2,119,'109','listitem::::Jamrer','',0),(163,20,'ListItem',2,100,'90','listitem::::Bander eller bruger grimme ord','',0),(164,20,'ListItem',2,86,'76','listitem::::Sover mindre end andre børn','',0),(165,20,'Rating',1,11,'9','radio::0::0###radio::1::1###radio::2::2','--- \n:required: true\n',1),(166,20,'ListItem',2,112,'102','listitem::::For lidt aktiv, bevæger sig langsomt eller mangler energi','',0),(167,20,'ListItem',2,79,'69','listitem::::Hemmelighedsfuld, holder tingene for sig selv','',0),(168,20,'ListItem',2,40,'38','listitem::::Bliver drillet meget','',0),(169,20,'ListItemComment',2,11,'9','listitem::::Kan ikke få bestemte tanker ud af hovedet, tvangstanker (beskriv)###textbox::::','',3),(170,20,'Rating',1,121,'111','radio::0::0###radio::1::1###radio::2::2','--- \n:required: true\n',1),(171,20,'Rating',1,88,'78','radio::0::0###radio::1::1###radio::2::2','--- \n:required: true\n',1),(172,20,'Rating',1,43,'41','radio::0::0###radio::1::1###radio::2::2','--- \n:required: true\n',1),(173,20,'ListItem',2,122,'112','listitem::::Bekymrer sig','',0),(174,20,'ListItemComment',2,89,'79','listitem::::Taleproblemer (beskriv)###textbox::::','',3),(175,20,'ListItem',2,43,'41','listitem::::Impulsiv eller handler uden at tænke','',0),(176,20,'Rating',1,81,'71','radio::0::0###radio::1::1###radio::2::2','--- \n:required: true\n',1),(177,20,'Rating',1,21,'19','radio::0::0###radio::1::1###radio::2::2','--- \n:required: true\n',1),(178,20,'Rating',1,14,'12','radio::0::0###radio::1::1###radio::2::2','--- \n:required: true\n',1),(179,20,'ListItem',2,82,'72','listitem::::Tænder ild, laver brand','',0),(180,20,'ListItem',2,21,'19','listitem::::Kræver meget opmærksomhed','',0),(181,20,'ListItem',2,14,'12','listitem::::Klager over ensomhed','',0),(182,20,'Rating',1,53,'51','radio::0::0###radio::1::1###radio::2::2','--- \n:required: true\n',1),(183,20,'Information',1,2,NULL,'information::::0 = Passer ikke, 1 = Passer til en vis grad eller nogen gange, 2 = Passer godt eller ofte','',0),(184,20,'ListItem',2,53,'51','listitem::::Føler sig svimmel','',0),(185,20,'Rating',1,90,'80','radio::0::0###radio::1::1###radio::2::2','--- \n:required: true\n',1),(186,20,'Rating',1,46,'44','radio::0::0###radio::1::1###radio::2::2','--- \n:required: true\n',1),(187,20,'Rating',1,31,'29','radio::0::0###radio::1::1###radio::2::2','--- \n:required: true\n',1),(188,20,'Rating',1,24,'22','radio::0::0###radio::1::1###radio::2::2','--- \n:required: true\n',1),(189,20,'ListItem',2,92,'82','listitem::::Stjæler udenfor hjemmet','',0),(190,20,'ListItem',2,46,'44','listitem::::Bider negle','',0),(191,20,'ListItemComment',2,31,'29','listitem::::Er bange for visse dyr, situationer eller steder - gælder ikke skolen (beskriv)###textbox::::','',3),(192,20,'ListItem',2,24,'22','listitem::::Ulydig hjemme','',0),(193,20,'Rating',1,17,'15','radio::0::0###radio::1::1###radio::2::2','--- \n:required: true\n',1),(194,20,'Rating',1,63,'56e','radio::0::0###radio::1::1###radio::2::2','--- \n:required: true\n',1),(195,20,'ListItem',2,17,'15','listitem::::Er ondskabsfuld mod dyr','',0),(196,20,'ListItem',2,63,'56e','listitem::::Udslæt eller andre hudproblemer','',0),(197,20,'Rating',1,113,'103','radio::0::0###radio::1::1###radio::2::2','--- \n:required: true\n',1),(198,20,'Rating',1,95,'85','radio::0::0###radio::1::1###radio::2::2','--- \n:required: true\n',1),(199,20,'Rating',1,56,'54','radio::0::0###radio::1::1###radio::2::2','--- \n:required: true\n',1),(200,20,'Rating',1,106,'96','radio::0::0###radio::1::1###radio::2::2','--- \n:required: true\n',1),(201,20,'Rating',1,74,'64','radio::0::0###radio::1::1###radio::2::2','--- \n:required: true\n',1),(202,20,'Rating',1,49,'47','radio::0::0###radio::1::1###radio::2::2','--- \n:required: true\n',1),(203,20,'Rating',1,34,'32','radio::0::0###radio::1::1###radio::2::2','--- \n:required: true\n',1),(204,20,'ListItem',2,114,'104','listitem::::Usædvanlig højrøstet','',0),(205,20,'ListItemComment',2,95,'85','listitem::::Mærkelige ideer (beskriv)###textbox::::','',3),(206,20,'Rating',1,5,'3','radio::0::0###radio::1::1###radio::2::2','--- \n:required: true\n',1),(207,20,'ListItem',2,56,'54','listitem::::Overtræt','',0),(208,20,'ListItem',2,74,'64','listitem::::Foretrækker at være sammen med yngre børn','',0),(209,20,'ListItem',2,49,'47','listitem::::Har mareridt om natten','',0),(210,20,'ListItem',2,34,'32','listitem::::Føler at han/hun skal være perfekt','',0),(211,20,'ListItem',2,5,'3','listitem::::Diskuterer meget','--- {}\n\n',0),(212,20,'Rating',1,27,'25','radio::0::0###radio::1::1###radio::2::2','--- \n:required: true\n',1),(213,20,'ListItem',2,107,'97','listitem::::Truer folk','--- {}\n\n',0),(214,20,'ListItem',2,27,'25','listitem::::Kommer dårligt ud af det med andre børn','--- {}\n\n',0),(215,20,'Rating',1,67,'57','radio::0::0###radio::1::1###radio::2::2','--- \n:required: true\n',1),(216,20,'Rating',1,83,'73','radio::0::0###radio::1::1###radio::2::2','--- \n:required: true\n',1),(217,20,'Rating',1,59,'56a','radio::0::0###radio::1::1###radio::2::2','--- \n:required: true\n',1),(218,20,'ListItem',2,67,'57','listitem::::Angriber andre med slag eller spark','--- {}\n\n',0),(219,20,'Rating',1,116,'106','radio::0::0###radio::1::1###radio::2::2','--- \n:required: true\n',1),(220,20,'Rating',1,98,'88','radio::0::0###radio::1::1###radio::2::2','--- \n:required: true\n',1),(221,20,'Rating',1,8,'6','radio::0::0###radio::1::1###radio::2::2','--- \n:required: true\n',1),(222,20,'ListItem',2,59,'56a','listitem::::Har ondt eller smerter, ikke hovedpine','--- {}\n\n',0),(223,20,'Rating',1,109,'99','radio::0::0###radio::1::1###radio::2::2','--- \n:required: true\n',1),(224,20,'Rating',1,76,'66','radio::0::0###radio::1::1###radio::2::2','--- \n:required: true\n',1),(225,20,'Rating',1,38,'36','radio::0::0###radio::1::1###radio::2::2','--- \n:required: true\n',1),(226,20,'ListItem',2,117,'107','listitem::::Tisser i bukserne om dagen','--- {}\n\n',0),(227,20,'ListItem',2,98,'88','listitem::::Surmuler meget','--- {}\n\n',0),(228,20,'ListItem',2,84,'74','listitem::::Klovner eller optræder','--- {}\n\n',0),(229,20,'ListItem',2,8,'6','listitem::::Afføring i bukserne','--- {}\n\n',0),(230,20,'ListItemComment',2,110,'100','listitem::::Søvnproblemer (beskriv)###textbox::::','--- {}\n\n',3),(231,20,'ListItem',2,77,'67','listitem::::Løber hjemmefra','--- {}\n\n',0),(232,20,'ListItem',2,38,'36','listitem::::Kommer ofte til skade, ulykkesfugl','--- {}\n\n',0),(233,20,'Rating',1,71,'61','radio::0::0###radio::1::1###radio::2::2','--- \n:required: true\n',1),(234,20,'ListItem',2,71,'61','listitem::::Arbejder dårligt med skolearbejdet','--- {}\n\n',0),(235,20,'Rating',1,119,'109','radio::0::0###radio::1::1###radio::2::2','--- \n:required: true\n',1),(236,20,'Rating',1,100,'90','radio::0::0###radio::1::1###radio::2::2','--- \n:required: true\n',1),(237,20,'Rating',1,86,'76','radio::0::0###radio::1::1###radio::2::2','--- \n:required: true\n',1),(238,20,'Rating',1,41,'39','radio::0::0###radio::1::1###radio::2::2','--- \n:required: true\n',1),(239,20,'ListItem',2,120,'110','listitem::::Ønsker at være af det modsatte køn','--- {}\n\n',0),(240,20,'ListItem',2,101,'91','listitem::::Taler om at tage livet af sig selv','--- {}\n\n',0),(241,20,'ListItemComment',2,87,'77','listitem::::Sover mere end andre børn om dagen og/eller natten (beskriv)###textbox::::','--- {}\n\n',3),(242,20,'ListItem',2,41,'39','listitem::::Er sammen med andre der har problemer','--- {}\n\n',0),(243,20,'Rating',1,79,'69','radio::0::0###radio::1::1###radio::2::2','--- \n:required: true\n',1),(244,20,'Rating',1,12,'10','radio::0::0###radio::1::1###radio::2::2','--- \n:required: true\n',1),(245,20,'ListItemComment',2,80,'70','listitem::::Ser ting som ikke er der (beskriv)###textbox::::','--- {}\n\n',3),(246,20,'ListItem',2,12,'10','listitem::::Kan ikke sidde stille, rastløs eller hyperaktiv','--- {}\n\n',0),(247,20,'Rating',1,51,'49','radio::0::0###radio::1::1###radio::2::2','--- \n:required: true\n',1),(248,20,'ListItem',2,51,'49','listitem::::Forstoppet, ikke gang i afføringen','--- {}\n\n',0),(249,20,'Rating',1,89,'79','radio::0::0###radio::1::1###radio::2::2','--- \n:required: true\n',1),(250,20,'Rating',1,44,'42','radio::0::0###radio::1::1###radio::2::2','--- \n:required: true\n',1),(251,20,'Rating',1,22,'20','radio::0::0###radio::1::1###radio::2::2','--- \n:required: true\n',1),(252,20,'ListItem',2,90,'80','listitem::::Stirrer tomt frem for sig','--- {}\n\n',0),(253,20,'ListItem',2,44,'42','listitem::::Vil hellere være alene end sammen med andre','--- {}\n\n',0),(254,20,'Rating',1,103,'93','radio::0::0###radio::1::1###radio::2::2','--- \n:required: true\n',1),(255,20,'ListItem',2,22,'20','listitem::::Ødelægger sine ting','--- {}\n\n',0),(256,20,'Rating',1,15,'13','radio::0::0###radio::1::1###radio::2::2','--- \n:required: true\n',1),(257,20,'Rating',1,61,'56c','radio::0::0###radio::1::1###radio::2::2','--- \n:required: true\n',1),(258,20,'ListItem',2,15,'13','listitem::::Er forvirret eller synes at være i en tåge','--- {}\n\n',0),(259,20,'ListItem',2,103,'93','listitem::::Taler for meget','--- {}\n\n',0),(260,20,'ListItem',2,61,'56c','listitem::::Kvalme, føler sig utilpas','--- {}\n\n',0),(261,20,'Rating',1,93,'83','radio::0::0###radio::1::1###radio::2::2','--- \n:required: true\n',1),(262,20,'Rating',1,54,'52','radio::0::0###radio::1::1###radio::2::2','--- \n:required: true\n',1),(263,20,'ListItemComment',2,93,'83','listitem::::Samler ting han/hun ikke har brug for (beskriv)###textbox::::','--- {}\n\n',3),(264,20,'ListItem',2,54,'52','listitem::::Har for stærk skyldfølelse','--- {}\n\n',0),(265,20,'Rating',1,104,'94','radio::0::0###radio::1::1###radio::2::2','--- \n:required: true\n',1),(266,20,'Rating',1,47,'45','radio::0::0###radio::1::1###radio::2::2','--- \n:required: true\n',1),(267,20,'Rating',1,32,'30','radio::0::0###radio::1::1###radio::2::2','--- \n:required: true\n',1),(268,20,'Rating',1,3,'1','radio::0::0###radio::1::1###radio::2::2','--- \n:required: true\n',1),(269,20,'ListItem',2,32,'30','listitem::::Er bange for at gå i skole eller børnehave','--- {}\n\n',0),(270,20,'ListItem',2,47,'45','listitem::::Nervøs eller anspændt','--- {}\n\n',0),(271,20,'ListItem',2,105,'95','listitem::::Anfald af arrigskab eller vrede','--- {}\n\n',0),(272,20,'ListItem',2,3,'1','listitem::::Opfører sig yngre end han/hun er','--- {}\n\n',0),(273,20,'Rating',1,25,'23','radio::0::0###radio::1::1###radio::2::2','--- \n:required: true\n',1),(274,20,'Rating',1,18,'16','radio::0::0###radio::1::1###radio::2::2','--- \n:required: true\n',1),(275,20,'ListItem',2,25,'23','listitem::::Ulydig i skolen','--- {}\n\n',0),(276,20,'ListItem',2,18,'16','listitem::::Er ondskabsfuld eller tyranniserende mod andre','--- {}\n\n',0),(277,20,'Rating',1,64,'56f','radio::0::0###radio::1::1###radio::2::2','--- \n:required: true\n',1),(293,25,'ListItem',2,101,'99','listitem::::Bekymrer sig','',0),(294,25,'Rating',1,44,'42','radio::0::0###radio::1::1###radio::2::2','--- \n:required: true\n',1),(295,25,'ListItemComment',2,82,'80','listitem::::Mærkelig opførsel (beskriv)###textbox::::','',3),(296,25,'Rating',1,96,'94','radio::0::0###radio::1::1###radio::2::2','--- \n:required: true\n',1),(298,25,'Rating',1,74,'72','radio::0::0###radio::1::1###radio::2::2','--- \n:required: true\n',1),(299,25,'Rating',1,22,'20','radio::0::0###radio::1::1###radio::2::2','--- \n:required: true\n',1),(300,25,'ListItem',2,52,'50','listitem::::Overtræt','',0),(301,25,'ListItem',2,44,'42','listitem::::Kommer til at skade dyr eller mennesker uden at det er med vilje','',0),(302,25,'ListItem',2,96,'94','listitem::::Vågner ofte om natten','',0),(303,25,'ListItem',2,22,'20','listitem::::Hører ikke efter - er ulydig.','',0),(304,25,'ListItem',2,74,'72','listitem::::Er for lidt bange for at komme til skade','',0),(305,25,'Rating',1,62,'60','radio::0::0###radio::1::1###radio::2::2','--- \n:required: true\n',1),(306,25,'Rating',1,13,'11','radio::0::0###radio::1::1###radio::2::2','--- \n:required: true\n',1),(307,25,'Rating',1,54,'52','radio::0::0###radio::1::1###radio::2::2','--- \n:required: true\n',1),(308,25,'Rating',1,32,'30','radio::0::0###radio::1::1###radio::2::2','--- \n:required: true\n',1),(309,25,'ListItem',2,62,'60','listitem::::Udslæt eller andre hudproblemer (uden kendt medicinsk årsag)','',0),(310,25,'ListItem',2,13,'11','listitem::::Vil hele tiden hjælpes','',0),(311,25,'Rating',1,84,'82','radio::0::0###radio::1::1###radio::2::2','--- \n:required: true\n',1),(312,25,'ListItem',2,54,'52','listitem::::Smertefuld afføring (uden kendt medicinsk årsag)','',0),(313,25,'ListItem',2,32,'30','listitem::::Bliver let jaloux','',0),(314,25,'Rating',1,46,'44','radio::0::0###radio::1::1###radio::2::2','--- \n:required: true\n',1),(315,25,'Rating',1,76,'74','radio::0::0###radio::1::1###radio::2::2','--- \n:required: true\n',1),(316,25,'Rating',1,24,'22','radio::0::0###radio::1::1###radio::2::2','--- \n:required: true\n',1),(317,25,'Rating',1,98,'96','radio::0::0###radio::1::1###radio::2::2','--- \n:required: true\n',1),(318,25,'ListItem',2,84,'82','listitem::::Pludselige ændringer i humør eller følelser','',0),(319,25,'Rating',1,64,'62','radio::0::0###radio::1::1###radio::2::2','--- \n:required: true\n',1),(320,25,'Rating',1,15,'13','radio::0::0###radio::1::1###radio::2::2','--- \n:required: true\n',1),(321,25,'ListItem',2,46,'44','listitem::::Er ofte vred','',0),(322,25,'ListItem',2,24,'22','listitem::::Vil ikke sove alene','',0),(323,25,'ListItem',2,98,'96','listitem::::Ønsker megen opmærksomhed.','',0),(324,25,'ListItemComment',2,76,'74','listitem::::Sover mindre end andre børn om dagen og/eller natten (beskriv)###textbox::::','',3),(325,25,'ListItem',2,15,'13','listitem::::Græder meget','',0),(326,25,'Rating',1,56,'54','radio::0::0###radio::1::1###radio::2::2','--- \n:required: true\n',1),(327,25,'Rating',1,34,'32','radio::0::0###radio::1::1###radio::2::2','--- \n:required: true\n',1),(328,25,'ListItem',2,64,'62','listitem::::Nægter at lege aktive lege','',0),(329,25,'Rating',1,86,'84','radio::0::0###radio::1::1###radio::2::2','--- \n:required: true\n',1),(330,25,'Rating',1,26,'24','radio::0::0###radio::1::1###radio::2::2','--- \n:required: true\n',1),(331,25,'Rating',1,78,'76','radio::0::0###radio::1::1###radio::2::2','--- \n:required: true\n',1),(332,25,'ListItemComment',2,56,'54','listitem::::Piller næse, hud eller andre dele af kroppen (beskriv)###textbox::::','',3),(333,25,'ListItemComment',2,34,'32','listitem::::Er bange for visse dyr, situationer eller steder (beskriv)###textbox::::','',3),(334,25,'Rating',1,100,'98','radio::0::0###radio::1::1###radio::2::2','--- \n:required: true\n',1),(335,25,'ListItem',2,86,'84','listitem::::Taler eller råber i søvne','',0),(336,25,'Information',1,1,NULL,'information::::Her er en liste over egenskaber som kan være til stede i større eller mindre grad. Marker for hver egenskab, hvorledes den passer på dit barn nu eller de sidste 6 måneder. Marker 2, hvis beskrivelsen passer godt eller ofte. Marker 1, hvis beskrivelsen passer til en vis grad eller nogen gange. Hvis beskrivelsen ikke passer på barnet, marker 0. Svar venligst så godt du kan på alle spørgsmålene.','',0),(337,25,'Rating',1,48,'46','radio::0::0###radio::1::1###radio::2::2','--- \n:required: true\n',1),(338,25,'ListItemComment',2,26,'24','listitem::::Spiser ikke godt (beskriv)###textbox::::','',3),(339,25,'ListItemComment',2,78,'76','listitem::::Taleproblemer (beskriv)###textbox::::','',3),(340,25,'Rating',1,66,'64','radio::0::0###radio::1::1###radio::2::2','--- \n:required: true\n',1),(341,25,'Rating',1,18,'16','radio::0::0###radio::1::1###radio::2::2','--- \n:required: true\n',1),(342,25,'ListItem',2,100,'98','listitem::::Tilbagetrukken, involverer sig ikke med andre','',0),(343,25,'ListItemComment',2,48,'46','listitem::::Nervøse bevægelser, tics eller trækninger (beskriv)###textbox::::','',3),(344,25,'Rating',1,88,'86','radio::0::0###radio::1::1###radio::2::2','--- \n:required: true\n',1),(345,25,'ListItem',2,66,'64','listitem::::Modsætter sig at blive lagt i seng om aftenen','',0),(346,25,'ListItem',2,18,'16','listitem::::Behov skal tilfredsstilles med det samme','',0),(347,25,'Rating',1,36,'34','radio::0::0###radio::1::1###radio::2::2','--- \n:required: true\n',1),(348,25,'Rating',1,58,'56','radio::0::0###radio::1::1###radio::2::2','--- \n:required: true\n',1),(349,25,'Rating',1,3,'1','radio::0::0###radio::1::1###radio::2::2','--- \n:required: true\n',1),(350,25,'ListItem',2,88,'86','listitem::::For optaget af orden og renlighed','',0),(351,25,'Rating',1,28,'26','radio::0::0###radio::1::1###radio::2::2','--- \n:required: true\n',1),(352,25,'ListItem',2,58,'56','listitem::::Klodset eller dårlig til at koordinere sine bevægelser','',0),(353,25,'Rating',1,50,'48','radio::0::0###radio::1::1###radio::2::2','--- \n:required: true\n',1),(354,25,'Rating',1,80,'78','radio::0::0###radio::1::1###radio::2::2','--- \n:required: true\n',1),(355,25,'ListItem',2,36,'34','listitem::::Kommer ofte til skade, ulykkesfugl','',0),(356,25,'ListItem',2,3,'1','listitem::::Har ondt eller smerter uden kendt medicinsk årsag (inkluderer ikke mave- og hovedpine)','',0),(357,25,'ListItem',2,28,'26','listitem::::Kan ikke more sig, opfører sig som en lille voksen','',0),(358,25,'ListItem',2,80,'78','listitem::::Mavesmerter (uden kendt medicinsk årsag)','',0),(359,25,'Rating',1,68,'66','radio::0::0###radio::1::1###radio::2::2','--- \n:required: true\n',1),(360,25,'Rating',1,20,'18','radio::0::0###radio::1::1###radio::2::2','--- \n:required: true\n',1),(361,25,'ListItem',2,50,'48','listitem::::Har mareridt om natten','',0),(362,25,'Rating',1,91,'89','radio::0::0###radio::1::1###radio::2::2','--- \n:required: true\n',1),(363,25,'Rating',1,38,'36','radio::0::0###radio::1::1###radio::2::2','--- \n:required: true\n',1),(364,25,'Rating',1,90,'88','radio::0::0###radio::1::1###radio::2::2','--- \n:required: true\n',1),(365,25,'ListItem',2,68,'66','listitem::::Skriger meget','',0),(366,25,'ListItem',2,20,'18','listitem::::Ødelægger ting der tilhører familien eller andre børn','',0),(367,25,'Rating',1,60,'58','radio::0::0###radio::1::1###radio::2::2','--- \n:required: true\n',1),(368,25,'ListItem',2,91,'89','listitem::::For lidt aktiv, bevæger sig langsomt eller mangler energi','',0),(369,25,'ListItem',2,38,'36','listitem::::Blander sig i alting','',0),(370,25,'Rating',1,5,'3','radio::0::0###radio::1::1###radio::2::2','--- \n:required: true\n',1),(371,25,'ListItem',2,90,'88','listitem::::Usamarbejdsvillig','',0),(372,25,'Rating',1,30,'28','radio::0::0###radio::1::1###radio::2::2','--- \n:required: true\n',1),(373,25,'ListItem',2,60,'58','listitem::::Irettesættelse ændrer ikke hans/hendes adfærd','',0),(374,25,'ListItem',2,5,'3','listitem::::Bange for at prøve nye ting','',0),(375,25,'ListItem',2,30,'28','listitem::::Vil helst ikke forlade hjemmet','',0),(376,25,'Rating',1,70,'68','radio::0::0###radio::1::1###radio::2::2','--- \n:required: true\n',1),(377,25,'Rating',1,41,'39','radio::0::0###radio::1::1###radio::2::2','--- \n:required: true\n',1),(378,25,'Rating',1,93,'91','radio::0::0###radio::1::1###radio::2::2','--- \n:required: true\n',1),(379,25,'ListItem',2,70,'68','listitem::::Bliver let flov eller forlegen','',0),(380,25,'Rating',1,71,'69','radio::0::0###radio::1::1###radio::2::2','--- \n:required: true\n',1),(381,25,'Rating',1,40,'38','radio::0::0###radio::1::1###radio::2::2','--- \n:required: true\n',1),(382,25,'ListItem',2,41,'39','listitem::::Hovedpine (uden kendt medicinsk årsag)','',0),(383,25,'ListItem',2,93,'91','listitem::::Usædvanlig højrøstet','',0),(384,25,'ListItem',2,71,'69','listitem::::Egoistisk eller uvillig til at dele','',0),(385,25,'Rating',1,7,'5','radio::0::0###radio::1::1###radio::2::2','--- \n:required: true\n',1),(386,25,'ListItem',2,40,'38','listitem::::Har svært ved at falde i søvn','',0),(387,25,'Rating',1,10,'8','radio::0::0###radio::1::1###radio::2::2','--- \n:required: true\n',1),(388,25,'Rating',1,51,'49','radio::0::0###radio::1::1###radio::2::2','--- \n:required: true\n',1),(389,25,'ListItem',2,7,'5','listitem::::Kan ikke koncentrere sig, kan ikke være opmærksom i længere tid','',0),(390,25,'ListItem',2,10,'8','listitem::::Tåler ikke at vente, vil have alting med det samme','',0),(392,25,'Rating',1,81,'79','radio::0::0###radio::1::1###radio::2::2','--- \n:required: true\n',1),(393,25,'ListItem',2,51,'49','listitem::::Spiser for meget','',0),(394,25,'Rating',1,73,'71','radio::0::0###radio::1::1###radio::2::2','--- \n:required: true\n',1),(395,25,'Rating',1,43,'41','radio::0::0###radio::1::1###radio::2::2','--- \n:required: true\n',1),(396,25,'Rating',1,21,'19','radio::0::0###radio::1::1###radio::2::2','--- \n:required: true\n',1),(397,25,'Rating',1,95,'93','radio::0::0###radio::1::1###radio::2::2','--- \n:required: true\n',1),(399,25,'ListItem',2,81,'79','listitem::::Hurtige humørskift mellem tristhed og begejstring','',0),(400,25,'Rating',1,61,'59','radio::0::0###radio::1::1###radio::2::2','--- \n:required: true\n',1),(401,25,'Rating',1,12,'10','radio::0::0###radio::1::1###radio::2::2','--- \n:required: true\n',1),(402,25,'ListItem',2,73,'71','listitem::::Viser ikke megen interesse for ting omkring sig','',0),(403,25,'ListItem',2,43,'41','listitem::::Holder vejret','',0),(404,25,'Rating',1,9,'7','radio::0::0###radio::1::1###radio::2::2','--- \n:required: true\n',1),(405,25,'ListItem',2,21,'19','listitem::::Diarre eller tynd afføring (uden at være syg)','',0),(406,25,'ListItem',2,95,'93','listitem::::Opkastninger (uden kendt medicinsk årsag)','',0),(407,25,'ListItem',2,61,'59','listitem::::Skifter hurtigt fra en aktivitet til en anden','',0),(408,25,'ListItem',2,12,'10','listitem::::Klynger sig til voksne eller er for afhængig','',0),(409,25,'Rating',1,53,'51','radio::0::0###radio::1::1###radio::2::2','--- \n:required: true\n',1),(410,25,'Rating',1,102,'100','radio::0::0###radio::1::1###radio::2::2','--- \n:required: true\n',1),(411,25,'ListItem',2,9,'7','listitem::::Tåler ikke, at ting ikke er på plads','',0),(412,25,'Rating',1,31,'29','radio::0::0###radio::1::1###radio::2::2','--- \n:required: true\n',1),(413,25,'Rating',1,83,'81','radio::0::0###radio::1::1###radio::2::2','--- \n:required: true\n',1),(414,25,'Rating',1,23,'21','radio::0::0###radio::1::1###radio::2::2','--- \n:required: true\n',1),(415,25,'Rating',1,75,'73','radio::0::0###radio::1::1###radio::2::2','--- \n:required: true\n',1),(416,25,'ListItem',2,53,'51','listitem::::Går let i panik','',0),(417,25,'ListItemComment',2,102,'100','listitem::::Beskriv venligst hvilke problemer barnet har, der ikke er nævnt på listen. Marker i 1 eller 2.###textbox::::','',3),(418,25,'Rating',1,45,'43','radio::0::0###radio::1::1###radio::2::2','--- \n:required: true\n',1),(419,25,'ListItem',2,31,'29','listitem::::Bliver let frustreret','',0),(420,25,'Rating',1,97,'95','radio::0::0###radio::1::1###radio::2::2','--- \n:required: true\n',1),(421,25,'ListItem',2,83,'81','listitem::::Stædig, mut eller irritabel','',0),(422,25,'ListItem',2,23,'21','listitem::::Bliver urolig af enhver forandring af rutinen','',0),(423,25,'ListItem',2,75,'73','listitem::::Sky eller genert','',0),(424,25,'Rating',1,63,'61','radio::0::0###radio::1::1###radio::2::2','--- \n:required: true\n',1),(425,25,'Rating',1,14,'12','radio::0::0###radio::1::1###radio::2::2','--- \n:required: true\n',1),(426,25,'ListItem',2,45,'43','listitem::::Ser ulykkelig ud uden grund','',0),(427,25,'ListItem',2,97,'95','listitem::::Går hjemmefra','',0),(428,25,'Rating',1,33,'31','radio::0::0###radio::1::1###radio::2::2','--- \n:required: true\n',1),(429,25,'Rating',1,85,'83','radio::0::0###radio::1::1###radio::2::2','--- \n:required: true\n',1),(430,25,'ListItem',2,63,'61','listitem::::Nægter at spise','',0),(431,25,'ListItem',2,14,'12','listitem::::Forstoppet, ikke gang i afføringen (uden at være syg)','',0),(432,25,'Rating',1,55,'53','radio::0::0###radio::1::1###radio::2::2','--- \n:required: true\n',1),(433,25,'ListItemComment',2,33,'31','listitem::::Spiser eller drikker ting som ikke er mad - (omfatter ikke slik)###textbox::::','',3),(434,25,'Rating',1,47,'45','radio::0::0###radio::1::1###radio::2::2','--- \n:required: true\n',1),(435,25,'ListItem',2,85,'83','listitem::::Surmuler meget','',0),(436,25,'Rating',1,99,'97','radio::0::0###radio::1::1###radio::2::2','--- \n:required: true\n',1),(437,25,'Rating',1,25,'23','radio::0::0###radio::1::1###radio::2::2','--- \n:required: true\n',1),(438,25,'ListItem',2,55,'53','listitem::::Angriber andre med slag eller spark','',0),(439,25,'Rating',1,77,'75','radio::0::0###radio::1::1###radio::2::2','--- \n:required: true\n',1),(440,25,'ListItem',2,47,'45','listitem::::Kvalme, utilpas (uden kendt medicinsk årsag)','',0),(441,25,'ListItem',2,99,'97','listitem::::Klynker eller jamrer','',0),(442,25,'ListItem',2,25,'23','listitem::::Svarer ikke når folk taler til ham/hende','',0),(443,25,'Rating',1,65,'63','radio::0::0###radio::1::1###radio::2::2','--- \n:required: true\n',1),(444,25,'Rating',1,16,'14','radio::0::0###radio::1::1###radio::2::2','--- \n:required: true\n',1),(445,25,'ListItem',2,77,'75','listitem::::Leger med afføring','',0),(446,25,'Rating',1,35,'33','radio::0::0###radio::1::1###radio::2::2','--- \n:required: true\n',1),(447,25,'ListItem',2,65,'63','listitem::::Rokker ofte med hoved eller krop','',0),(448,25,'ListItem',2,16,'14','listitem::::Gør dyr fortræd på en ondskabsfuld måde','',0),(449,25,'Rating',1,57,'55','radio::0::0###radio::1::1###radio::2::2','--- \n:required: true\n',1),(450,25,'Rating',1,87,'85','radio::0::0###radio::1::1###radio::2::2','--- \n:required: true\n',1),(451,25,'ListItem',2,35,'33','listitem::::Bliver let såret','',0),(452,25,'Rating',1,49,'47','radio::0::0###radio::1::1###radio::2::2','--- \n:required: true\n',1),(453,25,'Information',1,2,NULL,'information::::0 = Passer ikke, 1 = Passer til en vis grad eller nogen gange, 2 = Passer godt eller ofte','',0),(454,25,'Rating',1,27,'25','radio::0::0###radio::1::1###radio::2::2','--- \n:required: true\n',1),(455,25,'ListItem',2,57,'55','listitem::::Leger for meget med sine kønsorganer','',0),(456,25,'ListItem',2,87,'85','listitem::::Raserianfald eller hidsigt temperament','',0),(457,25,'Rating',1,79,'77','radio::0::0###radio::1::1###radio::2::2','--- \n:required: true\n',1),(458,25,'Rating',1,19,'17','radio::0::0###radio::1::1###radio::2::2','--- \n:required: true\n',1),(459,25,'ListItem',2,49,'47','listitem::::Nervøs eller anspændt','',0),(460,25,'ListItem',2,27,'25','listitem::::Kommer dårligt ud af det med andre børn','',0),(461,25,'Rating',1,67,'65','radio::0::0###radio::1::1###radio::2::2','--- \n:required: true\n',1),(462,25,'ListItem',2,79,'77','listitem::::Stirrer ud i luften eller synes (opslugt) af sine egne tanker','',0),(463,25,'ListItem',2,19,'17','listitem::::Ødelægger sine ting','',0),(464,25,'Rating',1,59,'57','radio::0::0###radio::1::1###radio::2::2','--- \n:required: true\n',1),(465,25,'ListItem',2,67,'65','listitem::::Modsætter sig renlighedstræning','',0),(466,25,'Rating',1,89,'87','radio::0::0###radio::1::1###radio::2::2','--- \n:required: true\n',1),(467,25,'Rating',1,37,'35','radio::0::0###radio::1::1###radio::2::2','--- \n:required: true\n',1),(468,25,'ListItem',2,59,'57','listitem::::Problemer med øjnene (uden kendt medicinsk årsag).','',0),(469,25,'Rating',1,29,'27','radio::0::0###radio::1::1###radio::2::2','--- \n:required: true\n',1),(470,25,'ListItem',2,89,'87','listitem::::For bange eller ængstelig','',0),(471,25,'Rating',1,4,'2','radio::0::0###radio::1::1###radio::2::2','--- \n:required: true\n',1),(472,25,'ListItem',2,37,'35','listitem::::Kommer ofte op at slås','',0),(473,25,'Rating',1,69,'67','radio::0::0###radio::1::1###radio::2::2','--- \n:required: true\n',1),(474,25,'ListItem',2,29,'27','listitem::::Har tilsyneladende ikke skyldfølelse efter at have opført sig dårligt','',0),(475,25,'ListItem',2,4,'2','listitem::::Opfører sig yngre end han/hun er','',0),(476,25,'ListItem',2,69,'67','listitem::::Virker ligeglad med kærlige ord og kærtegn','',0),(477,25,'Rating',1,39,'37','radio::0::0###radio::1::1###radio::2::2','--- \n:required: true\n',1),(478,25,'Rating',1,92,'90','radio::0::0###radio::1::1###radio::2::2','--- \n:required: true\n',1),(479,25,'Rating',1,6,'4','radio::0::0###radio::1::1###radio::2::2','--- \n:required: true\n',1),(480,25,'ListItem',2,39,'37','listitem::::Bliver for urolig når han/hun er adskilt fra sine forældre','',0),(481,25,'ListItem',2,92,'90','listitem::::Ulykkelig, trist eller deprimeret','',0),(483,25,'ListItem',2,6,'4','listitem::::Undgår at se andre i øjnene (øjenkontakt)','',0),(485,25,'Rating',1,72,'70','radio::0::0###radio::1::1###radio::2::2','--- \n:required: true\n',1),(486,25,'Rating',1,42,'40','radio::0::0###radio::1::1###radio::2::2','--- \n:required: true\n',1),(487,25,'Rating',1,94,'92','radio::0::0###radio::1::1###radio::2::2','--- \n:required: true\n',1),(488,25,'Rating',1,8,'6','radio::0::0###radio::1::1###radio::2::2','--- \n:required: true\n',1),(489,25,'ListItem',2,72,'70','listitem::::Viser ikke varme følelser mod andre mennesker','',0),(490,25,'ListItem',2,42,'40','listitem::::Slår andre','',0),(491,25,'ListItemComment',2,94,'92','listitem::::Bliver urolig af nye personer eller situationer (beskriv)###textbox::::','',3),(492,25,'Rating',1,11,'9','radio::0::0###radio::1::1###radio::2::2','--- \n:required: true\n',1),(493,25,'Rating',1,101,'99','radio::0::0###radio::1::1###radio::2::2','--- \n:required: true\n',1),(494,25,'ListItem',2,8,'6','listitem::::Kan ikke sidde stille, rastløs eller hyperaktiv','',0),(495,25,'Rating',1,82,'80','radio::0::0###radio::1::1###radio::2::2','--- \n:required: true\n',1),(497,25,'ListItem',2,11,'9','listitem::::Tygger på ting som ikke er spiselige','',0),(498,25,'Rating',1,52,'50','radio::0::0###radio::1::1###radio::2::2','--- \n:required: true\n',1),(522,20,'Rating',1,37,'35','radio::0::0###radio::1::1###radio::2::2','--- \n:required: true\n',1),(523,20,'ListItem',2,36,'34','listitem::::Føler at andre er ude efter ham/hende','--- {}\n\n',0),(524,20,'Rating',1,65,'56g','radio::0::0###radio::1::1###radio::2::2','--- \n:required: true\n',1),(525,20,'ListItem',2,65,'56g','listitem::::Brækker sig, kaster op','--- {}\n\n',0),(526,20,'Rating',1,101,'91','radio::0::0###radio::1::1###radio::2::2','--- \n:required: true\n',1),(527,20,'Rating',1,70,'60','radio::0::0###radio::1::1###radio::2::2','--- \n:required: true\n',1),(528,20,'ListItem',2,70,'60','listitem::::Leger for meget med sine kønsorganer','--- {}\n\n',0),(535,25,'Rating',1,17,'15','radio::0::0###radio::1::1###radio::2::2','--- \n:required: true\n',1),(536,25,'ListItem',2,17,'15','listitem::::Trodsig','',0),(625,19,'Rating',1,112,'102','radio::0::0###radio::1::1###radio::2::2','--- \n:required: true\n',1),(626,19,'Rating',1,93,'83','radio::0::0###radio::1::1###radio::2::2','--- \n:required: true\n',1),(627,19,'Rating',1,56,'54','radio::0::0###radio::1::1###radio::2::2','--- \n:required: true\n',1),(628,19,'ListItem',2,63,'56e','listitem::::Jeg har udslæt eller andre hudproblemer','',0),(629,19,'ListItem',2,112,'102','listitem::::Jeg mangler energi','',0),(630,19,'ListItemComment',2,93,'83','listitem::::Jeg samler på ting jeg ikke har brug for (beskriv)###textbox::::','',3),(631,19,'Rating',1,6,'4','radio::0::0###radio::1::1###radio::2::2','--- \n:required: true\n',1),(632,19,'ListItem',2,56,'54','listitem::::Jeg føler mig overtræt','',0),(633,19,'Rating',1,105,'95','radio::0::0###radio::1::1###radio::2::2','--- \n:required: true\n',1),(634,19,'Rating',1,72,'62','radio::0::0###radio::1::1###radio::2::2','--- \n:required: true\n',1),(635,19,'Rating',1,49,'47','radio::0::0###radio::1::1###radio::2::2','--- \n:required: true\n',1),(636,19,'Rating',1,35,'33','radio::0::0###radio::1::1###radio::2::2','--- \n:required: true\n',1),(637,19,'ListItem',2,6,'4','listitem::::Jeg bliver ikke færdig med de ting, som jeg begynder på','',0),(638,19,'Rating',1,28,'26','radio::0::0###radio::1::1###radio::2::2','--- \n:required: true\n',1),(639,19,'ListItem',2,105,'95','listitem::::Jeg har et voldsomt temperament###::::','',3),(640,19,'ListItem',2,72,'62','listitem::::Jeg er klodset eller dårlig til at koordinere mine bevægelser','',0),(641,19,'ListItem',2,49,'47','listitem::::Jeg har mareridt om natten','',0),(642,19,'ListItem',2,35,'33','listitem::::Jeg føler at ingen holder af mig','',0),(643,19,'ListItem',2,28,'26','listitem::::Jeg har ikke skyldfølelse efter at have gjort noget forkert','',0),(644,19,'Rating',1,66,'56h','radio::0::0###radio::1::1###radio::2::2','--- \n:required: true\n',1),(645,19,'Rating',1,122,'112','radio::0::0###radio::1::1###radio::2::2','--- \n:required: true\n',1),(646,19,'ListItemComment',2,66,'56h','listitem::::Andet (beskriv)###textbox::::','',3),(647,19,'Rating',1,115,'105','radio::0::0###radio::1::1###radio::2::2','--- \n:required: true\n',1),(648,19,'Rating',1,96,'86','radio::0::0###radio::1::1###radio::2::2','--- \n:required: true\n',1),(649,19,'Rating',1,82,'72','radio::0::0###radio::1::1###radio::2::2','--- \n:required: true\n',1),(650,19,'Rating',1,59,'56a','radio::0::0###radio::1::1###radio::2::2','--- \n:required: true\n',1),(651,19,'ListItem',2,122,'112','listitem::::Jeg er meget bekymret','',0),(652,19,'Rating',1,38,'36','radio::0::0###radio::1::1###radio::2::2','--- \n:required: true\n',1),(653,19,'ListItemComment',2,115,'105','listitem::::Jeg indtager stoffer eller piller uden at være syg (beskriv)###textbox::::','',3),(654,19,'ListItem',2,96,'86','listitem::::Jeg er stædig','',0),(655,19,'ListItem',2,82,'72','listitem::::Jeg tænder ild, laver brand','',0),(656,19,'Rating',1,9,'7','radio::0::0###radio::1::1###radio::2::2','--- \n:required: true\n',1),(657,19,'ListItem',2,59,'56a','listitem::::Jeg har ondt eller smerter, ikke hovedpine','',0),(658,19,'Rating',1,108,'98','radio::0::0###radio::1::1###radio::2::2','--- \n:required: true\n',1),(659,19,'Rating',1,75,'65','radio::0::0###radio::1::1###radio::2::2','--- \n:required: true\n',1),(660,19,'ListItem',2,38,'36','listitem::::Jeg kommer ofte til skade, ulykkesfugl','',0),(661,19,'ListItem',2,9,'7','listitem::::Jeg praler, viser mig','',0),(662,19,'Rating',1,10,'8','radio::0::0###radio::1::1###radio::2::2','--- \n:required: true\n',1),(663,19,'ListItem',2,108,'98','listitem::::Jeg kan lide at hjælpe andre','',0),(664,19,'ListItem',2,75,'65','listitem::::Jeg nægter at tale','',0),(665,19,'ListItem',2,10,'8','listitem::::Jeg kan ikke koncentrere mig eller være opmærksom i længere tid','',0),(666,19,'Rating',1,69,'59','radio::0::0###radio::1::1###radio::2::2','--- \n:required: true\n',1),(667,19,'Rating',1,41,'39','radio::0::0###radio::1::1###radio::2::2','--- \n:required: true\n',1),(668,19,'ListItem',2,69,'59','listitem::::Jeg kan være meget venlig','',0),(669,19,'Rating',1,118,'108','radio::0::0###radio::1::1###radio::2::2','--- \n:required: true\n',1),(670,19,'Rating',1,99,'89','radio::0::0###radio::1::1###radio::2::2','--- \n:required: true\n',1),(671,19,'Rating',1,85,'75','radio::0::0###radio::1::1###radio::2::2','--- \n:required: true\n',1),(672,19,'ListItem',2,41,'39','listitem::::Jeg er sammen med andre der har problemer','',0),(673,19,'Rating',1,78,'68','radio::0::0###radio::1::1###radio::2::2','--- \n:required: true\n',1),(674,19,'Rating',1,20,'18','radio::0::0###radio::1::1###radio::2::2','--- \n:required: true\n',1),(675,19,'ListItem',2,118,'108','listitem::::Jeg kan lide at tage let på tingene','',0),(676,19,'ListItem',2,99,'89','listitem::::Jeg er mistænksom','',0),(677,19,'ListItem',2,85,'75','listitem::::Jeg er sky eller genert','',0),(678,19,'ListItem',2,78,'68','listitem::::Jeg skriger meget','',0),(679,19,'ListItem',2,20,'18','listitem::::Jeg skader mig selv med vilje eller har forsøgt selvmord','',0),(680,19,'Rating',1,13,'11','radio::0::0###radio::1::1###radio::2::2','--- \n:required: true\n',1),(681,19,'ListItem',2,13,'11','listitem::::Jeg er for afhængig af voksne','',0),(682,19,'Rating',1,51,'49','radio::0::0###radio::1::1###radio::2::2','--- \n:required: true\n',1),(683,19,'Rating',1,88,'78','radio::0::0###radio::1::1###radio::2::2','--- \n:required: true\n',1),(684,19,'Rating',1,44,'42','radio::0::0###radio::1::1###radio::2::2','--- \n:required: true\n',1),(685,19,'Rating',1,30,'28','radio::0::0###radio::1::1###radio::2::2','--- \n:required: true\n',1),(686,19,'Information',1,1,NULL,'information::::Her en en liste over egenskaber, som børn og unge kan have i større eller mindre grad. Marker for hver egenskab, hvorledes den passer på dig nu eller de sidste 6 måneder. Sæt en ring om 2, hvis beskrivelsen passer godt eller ofte. Sæt ring rundt om 1, hvis beskrivelsen passer til en vis grad eller nogen gange. Hvis beskrivelsen ikke passer på dig, sæt ring om 0. Svar venligst så godt du kan på alle spørgsmålene.','',0),(687,19,'ListItem',2,51,'49','listitem::::Enkelte ting er jeg bedre til end de fleste børn/unge','',0),(688,19,'ListItem',2,88,'78','listitem::::Jeg er uopmærksom eller afledes let','',0),(689,19,'ListItem',2,44,'42','listitem::::Jeg vil hellere være alene end sammen med andre','',0),(690,19,'ListItem',2,30,'28','listitem::::Jeg overholder ikke regler hjemme i skolen eller andre steder','',0),(691,19,'Rating',1,23,'21','radio::0::0###radio::1::1###radio::2::2','--- \n:required: true\n',1),(692,19,'Rating',1,16,'14','radio::0::0###radio::1::1###radio::2::2','--- \n:required: true\n',1),(693,19,'Rating',1,101,'91','radio::0::0###radio::1::1###radio::2::2','--- \n:required: true\n',1),(694,19,'ListItem',2,23,'21','listitem::::Jeg ødelægger ting der tilhører andre','',0),(695,19,'ListItem',2,16,'14','listitem::::Jeg græder meget','',0),(696,19,'ListItem',2,101,'91','listitem::::Jeg har tanker om at tage livet af mig selv','',0),(697,19,'Rating',1,61,'56c','radio::0::0###radio::1::1###radio::2::2','--- \n:required: true\n',1),(698,19,'Rating',1,110,'100','radio::0::0###radio::1::1###radio::2::2','--- \n:required: true\n',1),(699,19,'Rating',1,91,'81','radio::0::0###radio::1::1###radio::2::2','--- \n:required: true\n',1),(700,19,'Rating',1,54,'52','radio::0::0###radio::1::1###radio::2::2','--- \n:required: true\n',1),(701,19,'ListItem',2,61,'56c','listitem::::Jeg har kvalme, føler mig utilpas','',0),(702,19,'ListItemComment',2,110,'100','listitem::::Jeg har søvnproblemer (beskriv)###textbox::::','',3),(703,19,'ListItem',2,91,'81','listitem::::Jeg stjæler hjemme','',0),(704,19,'Rating',1,4,'2','radio::0::0###radio::1::1###radio::2::2','--- \n:required: true\n',1),(705,19,'ListItem',2,54,'52','listitem::::Jeg har for stærk skyldfølelse','',0),(706,19,'Rating',1,103,'93','radio::0::0###radio::1::1###radio::2::2','--- \n:required: true\n',1),(707,19,'Rating',1,70,'60','radio::0::0###radio::1::1###radio::2::2','--- \n:required: true\n',1),(708,19,'Rating',1,47,'45','radio::0::0###radio::1::1###radio::2::2','--- \n:required: true\n',1),(709,19,'Rating',1,33,'31','radio::0::0###radio::1::1###radio::2::2','--- \n:required: true\n',1),(710,19,'ListItemComment',2,4,'2','listitem::::Jeg drikker alkohol uden mine forældres tilladelse (beskriv)###textbox::::','',3),(711,19,'Rating',1,26,'24','radio::0::0###radio::1::1###radio::2::2','--- \n:required: true\n',1),(712,19,'ListItem',2,103,'93','listitem::::Jeg taler for meget','',0),(713,19,'ListItem',2,70,'60','listitem::::Jeg kan lide at prøve nye ting','',0),(714,19,'ListItem',2,47,'45','listitem::::Jeg er nervøs eller anspændt','',0),(715,19,'ListItem',2,33,'31','listitem::::Jeg er bange for at tænke eller gøre noget forkert','',0),(716,19,'Rating',1,120,'110','radio::0::0###radio::1::1###radio::2::2','--- \n:required: true\n',1),(717,19,'ListItem',2,26,'24','listitem::::Jeg spiser ikke så godt, som jeg burde','',0),(718,19,'Rating',1,19,'17','radio::0::0###radio::1::1###radio::2::2','--- \n:required: true\n',1),(719,19,'Rating',1,64,'56f','radio::0::0###radio::1::1###radio::2::2','--- \n:required: true\n',1),(720,19,'ListItem',2,19,'17','listitem::::Jeg dagdrømmer meget','',0),(721,19,'ListItem',2,120,'110','listitem::::Jeg ville ønske jeg var af det modsatte køn','',0),(722,19,'ListItem',2,64,'56f','listitem::::Jeg har mavesmerter','',0),(723,19,'Rating',1,113,'103','radio::0::0###radio::1::1###radio::2::2','--- \n:required: true\n',1),(724,19,'Rating',1,94,'84','radio::0::0###radio::1::1###radio::2::2','--- \n:required: true\n',1),(725,19,'Rating',1,80,'70','radio::0::0###radio::1::1###radio::2::2','--- \n:required: true\n',1),(726,19,'Rating',1,57,'55','radio::0::0###radio::1::1###radio::2::2','--- \n:required: true\n',1),(727,19,'Rating',1,36,'34','radio::0::0###radio::1::1###radio::2::2','--- \n:required: true\n',1),(728,19,'ListItem',2,113,'103','listitem::::Jeg er ulykkelig, trist eller deprimeret','',0),(729,19,'ListItemComment',2,94,'84','listitem::::Jeg gør ting, som andre synes er underlige (beskriv)###textbox::::','',3),(730,19,'ListItemComment',2,80,'70','listitem::::Jeg ser ting som ikke er der (beskriv)###textbox::::','',3),(731,19,'Rating',1,7,'5','radio::0::0###radio::1::1###radio::2::2','--- \n:required: true\n',1),(732,19,'ListItem',2,57,'55','listitem::::Jeg er overvægtig','',0),(733,19,'Rating',1,106,'96','radio::0::0###radio::1::1###radio::2::2','--- \n:required: true\n',1),(734,19,'Rating',1,73,'63','radio::0::0###radio::1::1###radio::2::2','--- \n:required: true\n',1),(735,19,'ListItem',2,36,'34','listitem::::Jeg føler at andre er ude efter mig','',0),(736,19,'ListItem',2,7,'5','listitem::::Det er meget få ting, jeg nyder at lave','',0),(737,19,'Rating',1,29,'27','radio::0::0###radio::1::1###radio::2::2','--- \n:required: true\n',1),(738,19,'ListItem',2,106,'96','listitem::::Jeg tænker for meget på sex','',0),(739,19,'ListItem',2,73,'63','listitem::::Jeg foretrækker at være sammen med børn og unge der er ældre end mig selv','',0),(740,19,'ListItem',2,29,'27','listitem::::Jeg bliver let jaloux eller misundelig','',0),(741,19,'Rating',1,67,'57','radio::0::0###radio::1::1###radio::2::2','--- \n:required: true\n',1),(742,19,'ListItem',2,67,'57','listitem::::Jeg har angrebet andre med slag eller spark','',0),(743,19,'Rating',1,116,'106','radio::0::0###radio::1::1###radio::2::2','--- \n:required: true\n',1),(744,19,'Rating',1,97,'87','radio::0::0###radio::1::1###radio::2::2','--- \n:required: true\n',1),(745,19,'Rating',1,83,'73','radio::0::0###radio::1::1###radio::2::2','--- \n:required: true\n',1),(746,19,'Rating',1,109,'99','radio::0::0###radio::1::1###radio::2::2','--- \n:required: true\n',1),(747,19,'Rating',1,76,'66','radio::0::0###radio::1::1###radio::2::2','--- \n:required: true\n',1),(748,19,'Rating',1,39,'37','radio::0::0###radio::1::1###radio::2::2','--- \n:required: true\n',1),(749,19,'ListItem',2,116,'106','listitem::::Jeg prøver at være ærlig over for andre','',0),(750,19,'ListItem',2,97,'87','listitem::::Mit humør svinger eller mine følelser svinger pludseligt','',0),(751,19,'ListItem',2,83,'73','listitem::::Jeg er godt til at arbejde med hænderne','',0),(752,19,'Rating',1,11,'9','radio::0::0###radio::1::1###radio::2::2','--- \n:required: true\n',1),(753,19,'ListItem',2,109,'99','listitem::::Jeg ryger cigaretter (tobak)','',0),(754,19,'ListItemComment',2,76,'66','listitem::::Jeg gentager bestemte handlinger igen og igen, tvangshandlinger (beskriv)###textbox::::','',3),(755,19,'ListItem',2,39,'37','listitem::::Jeg kommer ofte op at slås','',0),(756,19,'ListItemComment',2,11,'9','listitem::::Jeg kan ikke få bestemte tanker ud af hovedet, tvangstanker (beskriv)###textbox::::','',3),(757,19,'Rating',1,119,'109','radio::0::0###radio::1::1###radio::2::2','--- \n:required: true\n',1),(758,19,'Rating',1,86,'76','radio::0::0###radio::1::1###radio::2::2','--- \n:required: true\n',1),(759,19,'Rating',1,42,'40','radio::0::0###radio::1::1###radio::2::2','--- \n:required: true\n',1),(760,19,'ListItem',2,119,'109','listitem::::Jeg prøver at hjælpe andre når jeg kan','',0),(761,19,'ListItem',2,86,'76','listitem::::Jeg sover mindre end andre børn/unge','',0),(762,19,'ListItemComment',2,42,'40','listitem::::Jeg hører lyde og stemmer, som ikke er der (beskriv)###textbox::::','',3),(763,19,'Rating',1,79,'69','radio::0::0###radio::1::1###radio::2::2','--- \n:required: true\n',1),(764,19,'Rating',1,21,'19','radio::0::0###radio::1::1###radio::2::2','--- \n:required: true\n',1),(765,19,'Rating',1,14,'12','radio::0::0###radio::1::1###radio::2::2','--- \n:required: true\n',1),(766,19,'ListItem',2,79,'69','listitem::::Jeg er hemmelighedsfuld og holder tingene for mig selv','',0),(767,19,'ListItem',2,21,'19','listitem::::Jeg prøver at få meget opmærksomhed','',0),(768,19,'ListItem',2,14,'12','listitem::::Jeg føler mig ensom','',0),(769,19,'Rating',1,52,'50','radio::0::0###radio::1::1###radio::2::2','--- \n:required: true\n',1),(770,19,'Information',1,2,NULL,'information::::0 = Passer ikke på mig        1 = Passer til en vis grad eller nogen gange             2 = Passer godt eller ofte','',0),(771,19,'ListItem',2,52,'50','listitem::::Jeg er for bange eller ængstelig','',0),(772,19,'Rating',1,89,'79','radio::0::0###radio::1::1###radio::2::2','--- \n:required: true\n',1),(773,19,'Rating',1,45,'43','radio::0::0###radio::1::1###radio::2::2','--- \n:required: true\n',1),(774,19,'Rating',1,31,'29','radio::0::0###radio::1::1###radio::2::2','--- \n:required: true\n',1),(775,19,'Rating',1,24,'22','radio::0::0###radio::1::1###radio::2::2','--- \n:required: true\n',1),(776,19,'ListItemComment',2,89,'79','listitem::::Jeg har taleproblemer (beskriv)###textbox::::','',3),(777,19,'ListItem',2,45,'43','listitem::::Jeg lyver eller snyder','',0),(778,19,'ListItemComment',2,31,'29','listitem::::Jeg er bange for visse dyr, situationer eller steder - gælder ikke skolen (beskriv)###textbox::::','',3),(779,19,'ListItem',2,24,'22','listitem::::Jeg retter mig ikke efter mine forældre','',0),(780,19,'Rating',1,17,'15','radio::0::0###radio::1::1###radio::2::2','--- \n:required: true\n',1),(781,19,'Rating',1,62,'56d','radio::0::0###radio::1::1###radio::2::2','--- \n:required: true\n',1),(782,19,'ListItem',2,17,'15','listitem::::Jeg er meget ærlig','',0),(783,19,'ListItemComment',2,62,'56d','listitem::::Jeg har problemer med øjnene (beskriv)###textbox::::','',3),(784,19,'Rating',1,111,'101','radio::0::0###radio::1::1###radio::2::2','--- \n:required: true\n',1),(785,19,'Rating',1,92,'82','radio::0::0###radio::1::1###radio::2::2','--- \n:required: true\n',1),(786,19,'Rating',1,55,'53','radio::0::0###radio::1::1###radio::2::2','--- \n:required: true\n',1),(787,19,'Rating',1,104,'94','radio::0::0###radio::1::1###radio::2::2','--- \n:required: true\n',1),(788,19,'Rating',1,71,'61','radio::0::0###radio::1::1###radio::2::2','--- \n:required: true\n',1),(789,19,'Rating',1,48,'46','radio::0::0###radio::1::1###radio::2::2','--- \n:required: true\n',1),(790,19,'Rating',1,34,'32','radio::0::0###radio::1::1###radio::2::2','--- \n:required: true\n',1),(791,19,'ListItem',2,111,'101','listitem::::Jeg skulker eller pjækker fra skolen','',0),(792,19,'ListItem',2,92,'82','listitem::::Jeg stjæler uden for hjemmet','',0),(793,19,'Rating',1,5,'3','radio::0::0###radio::1::1###radio::2::2','--- \n:required: true\n',1),(794,19,'ListItem',2,55,'53','listitem::::Jeg spiser for meget','',0),(795,19,'ListItem',2,71,'61','listitem::::Jeg arbejder dårligt med skolearbejdet','',0),(796,19,'ListItemComment',2,48,'46','listitem::::Jeg har nervøse bevægelser eller trækninger (beskriv)###textbox::::','',3),(797,19,'ListItem',2,34,'32','listitem::::Jeg føler jeg skal være perfekt','',0),(798,19,'ListItem',2,5,'3','listitem::::Jeg diskuterer meget','',0),(799,19,'Rating',1,27,'25','radio::0::0###radio::1::1###radio::2::2','--- \n:required: true\n',1),(800,19,'ListItem',2,104,'94','listitem::::Jeg driller andre meget','',0),(801,19,'ListItem',2,27,'25','listitem::::Jeg kommer dårligt ud af det med andre børn/unge','',0),(802,19,'Rating',1,121,'111','radio::0::0###radio::1::1###radio::2::2','--- \n:required: true\n',1),(803,19,'Rating',1,65,'56g','radio::0::0###radio::1::1###radio::2::2','--- \n:required: true\n',1),(804,19,'Rating',1,81,'71','radio::0::0###radio::1::1###radio::2::2','--- \n:required: true\n',1),(805,19,'Placeholder',1,58,'56','placeholder::::','',0),(806,19,'ListItem',2,121,'111','listitem::::Jeg undgår at involvere mig i andre','',0),(807,19,'ListItem',2,65,'56g','listitem::::Jeg brækker mig, kaster op','',0),(808,19,'Rating',1,114,'104','radio::0::0###radio::1::1###radio::2::2','--- \n:required: true\n',1),(809,19,'Rating',1,95,'85','radio::0::0###radio::1::1###radio::2::2','--- \n:required: true\n',1),(810,19,'Rating',1,8,'6','radio::0::0###radio::1::1###radio::2::2','--- \n:required: true\n',1),(811,19,'ListItem',2,58,'56','listitem::::Fysiske problemer uden kendt medicinsk årsag:','',0),(812,19,'Rating',1,107,'97','radio::0::0###radio::1::1###radio::2::2','--- \n:required: true\n',1),(813,19,'Rating',1,74,'64','radio::0::0###radio::1::1###radio::2::2','--- \n:required: true\n',1),(814,19,'Rating',1,37,'35','radio::0::0###radio::1::1###radio::2::2','--- \n:required: true\n',1),(815,19,'ListItem',2,114,'104','listitem::::Jeg er mere højrøstet end andre børn og unge','',0),(816,19,'ListItemComment',2,95,'85','listitem::::Jeg har tanker som andre ville syntes var underlige (beskriv)###textbox::::','',3),(817,19,'ListItem',2,81,'71','listitem::::Jeg bliver let flov eller forlegen','',0),(818,19,'ListItem',2,8,'6','listitem::::Jeg holder af dyr','',0),(819,19,'ListItem',2,107,'97','listitem::::Jeg truer andre med at skade dem','',0),(820,19,'ListItem',2,74,'64','listitem::::Jeg foretrækker at være sammen med børn og unge, der er yngre end mig selv','',0),(821,19,'ListItem',2,37,'35','listitem::::Jeg føler mig værdiløs eller underlegen','',0),(822,19,'Rating',1,68,'58','radio::0::0###radio::1::1###radio::2::2','--- \n:required: true\n',1),(823,19,'ListItemComment',2,68,'58','listitem::::Jeg piller næse, hud eller andre dele af kroppen (beskriv)###textbox::::','',3),(824,19,'Rating',1,117,'107','radio::0::0###radio::1::1###radio::2::2','--- \n:required: true\n',1),(825,19,'Rating',1,98,'88','radio::0::0###radio::1::1###radio::2::2','--- \n:required: true\n',1),(826,19,'Rating',1,84,'74','radio::0::0###radio::1::1###radio::2::2','--- \n:required: true\n',1),(827,19,'Rating',1,40,'38','radio::0::0###radio::1::1###radio::2::2','--- \n:required: true\n',1),(828,19,'ListItem',2,117,'107','listitem::::Jeg kan lide en god spøg eller vittighed','',0),(829,19,'ListItem',2,98,'88','listitem::::Jeg kan lide at være sammen med andre','',0),(830,19,'ListItem',2,84,'74','listitem::::Jeg klovner eller optræder','',0),(831,19,'ListItem',2,40,'38','listitem::::Jeg bliver drillet meget','',0),(832,19,'Rating',1,77,'67','radio::0::0###radio::1::1###radio::2::2','--- \n:required: true\n',1),(833,19,'Rating',1,12,'10','radio::0::0###radio::1::1###radio::2::2','--- \n:required: true\n',1),(834,19,'ListItem',2,77,'67','listitem::::Jeg løber hjemmefra','',0),(835,19,'ListItem',2,12,'10','listitem::::Jeg kan ikke sidde stille','',0),(836,19,'Rating',1,50,'48','radio::0::0###radio::1::1###radio::2::2','--- \n:required: true\n',1),(837,19,'ListItem',2,50,'48','listitem::::Jeg er ikke vellidt af andre børn/unge','',0),(838,19,'Rating',1,87,'77','radio::0::0###radio::1::1###radio::2::2','--- \n:required: true\n',1),(839,19,'Rating',1,43,'41','radio::0::0###radio::1::1###radio::2::2','--- \n:required: true\n',1),(840,19,'Rating',1,22,'20','radio::0::0###radio::1::1###radio::2::2','--- \n:required: true\n',1),(841,19,'ListItem',2,87,'77','listitem::::Jeg sover mere end andre børn og unge om dagen og/eller om natten','',0),(842,19,'ListItem',2,43,'41','listitem::::Jeg handler uden at tænke','',0),(843,19,'Rating',1,100,'90','radio::0::0###radio::1::1###radio::2::2','--- \n:required: true\n',1),(844,19,'ListItem',2,22,'20','listitem::::Jeg ødelægger mine ting','',0),(845,19,'Rating',1,15,'13','radio::0::0###radio::1::1###radio::2::2','--- \n:required: true\n',1),(846,19,'ListItem',2,15,'13','listitem::::Jeg føler mig forvirret eller som i en tåge','',0),(847,19,'ListItem',2,100,'90','listitem::::Jeg bander eller bruger grimme ord','',0),(848,19,'Rating',1,60,'56b','radio::0::0###radio::1::1###radio::2::2','--- \n:required: true\n',1),(849,19,'ListItem',2,60,'56b','listitem::::Jeg har hovedpine','',0),(850,19,'Rating',1,90,'80','radio::0::0###radio::1::1###radio::2::2','--- \n:required: true\n',1),(851,19,'Rating',1,53,'51','radio::0::0###radio::1::1###radio::2::2','--- \n:required: true\n',1),(852,19,'ListItem',2,53,'51','listitem::::Jeg føler mig svimmel','',0),(853,19,'ListItem',2,90,'80','listitem::::Jeg står fast på min ret','',0),(854,19,'Rating',1,102,'92','radio::0::0###radio::1::1###radio::2::2','--- \n:required: true\n',1),(855,19,'Rating',1,46,'44','radio::0::0###radio::1::1###radio::2::2','--- \n:required: true\n',1),(856,19,'Rating',1,32,'30','radio::0::0###radio::1::1###radio::2::2','--- \n:required: true\n',1),(857,19,'Rating',1,3,'1','radio::0::0###radio::1::1###radio::2::2','--- \n:required: true\n',1),(858,19,'ListItem',2,32,'30','listitem::::Jeg er bange for at gå i skole','',0),(859,19,'ListItem',2,46,'44','listitem::::Jeg bider negle','',0),(860,19,'ListItem',2,3,'1','listitem::::Jeg opfører mig som yngre end jeg er','',0),(861,19,'ListItem',2,102,'92','listitem::::Jeg kan lide at få andre til at grine','',0),(862,19,'Rating',1,25,'23','radio::0::0###radio::1::1###radio::2::2','--- \n:required: true\n',1),(863,19,'Rating',1,18,'16','radio::0::0###radio::1::1###radio::2::2','--- \n:required: true\n',1),(864,19,'ListItem',2,25,'23','listitem::::Jeg retter mig ikke efter mine lærere','',0),(865,19,'ListItem',2,18,'16','listitem::::Jeg er ondskabsfuld mod andre','',0),(866,19,'Rating',1,63,'56e','radio::0::0###radio::1::1###radio::2::2','--- \n:required: true\n',1),(966,1,'Rating',3,5,'1c','radio::1::###radio::2::###radio::3::','--- \n:targets: \n- :target: a\n  :state: onstate\n',1),(967,1,'Questiontext',1,1,'','questiontext::::Nævn de sportsgrene dit barn bedst kan lide at deltage i. F.eks. : svømning, fodbold, håndbold.','',0),(968,1,'Checkbox',1,2,NULL,'checkbox::0::Ingen','--- \n:switch: \n- a\n',1),(969,1,'Questiontext',2,1,'','questiontext::::Sammenlignet med jævnaldrende, hvor meget tid bruger han/hun på hver?','--- \n:targets: \n- :target: a\n  :state: onstate\n',0),(970,1,'Questiontext',3,1,'','questiontext::::Sammenlignet med jævnaldrende, hvor god er han/hun?','--- \n:targets: \n- :target: a\n  :state: onstate\n',0),(971,1,'Description',2,2,NULL,'desc::1::Mindre end gennemsnit###desc::2::Som gennemsnit###desc::3::Mere end gennemsnit','--- \n:targets: \n- :target: a\n  :state: onstate\n',0),(972,1,'SelectOption',1,3,'1a','option::1::Fodbold###option::2::Håndbold###option::3::Svømning###option::4::Badminton###option::5::Tennis###option::6::Ridning###option::7::Volleyball###option::8::Basketball###option::9::Atletik###option::88::Andet','--- \n:targets: \n- :target: a\n  :state: onstate\n:validation: \n- :notEqualToField: Q1_q1_4_1\n',1),(973,1,'Rating',2,3,'1a','radio::1::###radio::2::###radio::3::','--- \n:validation: validate-one-required\n:targets: \n- :target: a\n  :state: onstate\n',1),(974,1,'Description',3,2,NULL,'desc::1::Dårligere end gennemsnit###desc::2::Som gennemsnit###desc::3::Bedre end gennemsnit','--- \n:targets: \n- :target: a\n  :state: onstate\n',0),(975,1,'SelectOption',1,4,'1b','option::1::Fodbold###option::2::Håndbold###option::3::Svømning###option::4::Badminton###option::5::Tennis###option::6::Ridning###option::7::Volleyball###option::8::Basketball###option::9::Atletik###option::88::Andet','--- \n:targets: \n- :target: a\n  :state: onstate\n:validation: \n- :notEqualToField: Q1_q1_3_1\n',1),(976,1,'Rating',3,3,'1a','radio::1::###radio::2::###radio::3::','--- \n:validation: validate-one-required\n:targets: \n- :target: a\n  :state: onstate\n',1),(977,1,'Rating',2,4,'1b','radio::1::###radio::2::###radio::3::','--- \n:targets: \n- :target: a\n  :state: onstate\n',1),(978,1,'SelectOption',1,5,'1c','option::1::Fodbold###option::2::Håndbold###option::3::Svømning###option::4::Badminton###option::5::Tennis###option::6::Ridning###option::7::Volleyball###option::8::Basketball###option::9::Atletik###option::88::Andet','--- \n:targets: \n- :target: a\n  :state: onstate\n:validation: \n- :notEqualToField: Q1_q1_3_1\n- :notEqualToField: Q1_q1_4_1\n',1),(979,1,'Rating',2,5,'1c','radio::1::###radio::2::###radio::3::','--- \n:targets: \n- :target: a\n  :state: onstate\n',1),(980,1,'Rating',3,4,'1b','radio::1::###radio::2::###radio::3::','--- \n:targets: \n- :target: a\n  :state: onstate\n',1),(981,2,'Rating',3,5,'1c','radio::1::###radio::2::###radio::3::','--- \n:targets: \n- :target: b\n  :state: onstate\n',1),(982,2,'Questiontext',1,1,'','questiontext::::Nævn dit barns yndlingshobbyer, udover sportsgrene. F.eks. frimærker, læsning, musik. (Ikke radio og tv).','',0),(983,2,'Checkbox',1,2,NULL,'checkbox::0::Ingen','--- \n:switch: \n- b\n',1),(984,2,'Questiontext',2,1,'','questiontext::::Sammenlignet med jævnaldrende, hvor meget tid bruger han/hun på hver?','--- \n:targets: \n- :target: b\n  :state: onstate\n',0),(985,2,'Questiontext',3,1,'','questiontext::::Sammenlignet med jævnaldrende, hvor god er han/hun til disse aktiviteter?','--- \n:targets: \n- :target: b\n  :state: onstate\n',0),(986,2,'Description',2,2,NULL,'desc::1::Mindre end gennemsnit###desc::2::Som gennemsnit###desc::3::Mere end gennemsnit','--- \n:targets: \n- :target: b\n  :state: onstate\n',0),(987,2,'SelectOption',1,3,'1a','option::1::Musik###option::2::Dans###option::3::Samler###option::4::Computer###option::5::Spil###option::6::Læser bøger###option::88::Andet','--- \n:targets: \n- :target: b\n  :state: onstate\n:validation: \n- :notEqualToField: Q2_q2_4_1\n',1),(988,2,'Rating',2,3,'1a','radio::1::###radio::2::###radio::3::','--- \n:validation: validate-one-required\n:targets: \n- :target: b\n  :state: onstate\n',1),(989,2,'Description',3,2,NULL,'desc::1::Dårligere end gennemsnit###desc::2::Som gennemsnit###desc::3::Bedre end gennemsnit','--- \n:targets: \n- :target: b\n  :state: onstate\n',0),(990,2,'SelectOption',1,4,'1b','option::1::Musik###option::2::Dans###option::3::Samler###option::4::Computer###option::5::Spil###option::6::Læser bøger###option::88::Andet','--- \n:targets: \n- :target: b\n  :state: onstate\n:validation: \n- :notEqualToField: Q2_q2_3_1\n',1),(991,2,'Rating',3,3,'1a','radio::1::###radio::2::###radio::3::','--- \n:validation: validate-one-required\n:targets: \n- :target: b\n  :state: onstate\n',1),(992,2,'Rating',2,4,'1b','radio::1::###radio::2::###radio::3::','--- \n:targets: \n- :target: b\n  :state: onstate\n',1),(993,2,'SelectOption',1,5,'1c','option::1::Musik###option::2::Dans###option::3::Samler###option::4::Computer###option::5::Spil###option::6::Læser bøger###option::88::Andet','--- \n:targets: \n- :target: b\n  :state: onstate\n:validation: \n- :notEqualToField: Q2_q2_4_1\n- :notEqualToField: Q2_q2_3_1\n',1),(994,2,'Rating',2,5,'1c','radio::1::###radio::2::###radio::3::','--- \n:targets: \n- :target: b\n  :state: onstate\n',1),(995,2,'Rating',3,4,'1b','radio::1::###radio::2::###radio::3::','--- \n:targets: \n- :target: b\n  :state: onstate\n',1),(1002,3,'Questiontext',1,1,'','questiontext::::Hvilke foreninger, klubber, hold eller grupper er dit barn medlem af?','',0),(1003,3,'Questiontext',2,1,'','questiontext::::Sammenlignet med jævnaldrende, hvor aktiv er han/hun inden for hvert område?','--- \n:targets: \n- :target: c\n  :state: onstate\n',0),(1004,3,'Checkbox',1,2,NULL,'checkbox::0::Ingen','--- \n:switch: \n- c\n',1),(1005,3,'Description',2,2,NULL,'desc::1::Mindre end gennemsnit###desc::2::Som gennemsnit###desc::3::Mere end gennemsnit','--- \n:targets: \n- :target: c\n  :state: onstate\n',0),(1006,3,'SelectOption',1,3,'1a','option::1::Sportsklub###option::2::Ungdomsklub###option::3::Juniorklub###option::4::Interesseforening###option::88::Andet','--- \n:targets: \n- :target: c\n  :state: onstate\n:validation: \n- :notEqualToField: Q3_q3_4_1\n- :notEqualToField: Q3_q3_5_1\n',1),(1007,3,'Rating',2,3,'1a','radio::1::###radio::2::###radio::3::','--- \n:validation: validate-one-required\n:targets: \n- :target: c\n  :state: onstate\n',1),(1008,3,'SelectOption',1,4,'1b','option::1::Sportsklub###option::2::Ungdomsklub###option::3::Juniorklub###option::4::Interesseforening###option::88::Andet','--- \n:targets: \n- :target: c\n  :state: onstate\n:validation: \n- :notEqualToField: Q3_q3_3_1\n- :notEqualToField: Q3_q3_5_1\n',1),(1009,3,'SelectOption',1,5,'1c','option::1::Sportsklub###option::2::Ungdomsklub###option::3::Juniorklub###option::4::Interesseforening###option::88::Andet','--- \n:targets: \n- :target: c\n  :state: onstate\n:validation: \n- :notEqualToField: Q3_q3_4_1\n- :notEqualToField: Q3_q3_3_1\n',1),(1010,3,'Rating',2,4,'1b','radio::1::###radio::2::###radio::3::','--- \n:targets: \n- :target: c\n  :state: onstate\n',1),(1011,3,'Rating',2,5,'1c','radio::1::###radio::2::###radio::3::','--- \n:targets: \n- :target: c\n  :state: onstate\n',1),(1022,4,'Questiontext',1,1,'','questiontext::::Hvilke jobs eller pligter har dit barn? F.eks. avisrute, babysitter, rede senge. (Både betalt og ikke betalt arbejde).','',0),(1023,4,'Checkbox',1,2,NULL,'checkbox::0::Ingen','--- \n:switch: \n- d\n',1),(1024,4,'Questiontext',2,1,'','questiontext::::Sammenlignet med jævnaldrende, hvor godt klarer han/hun disse opgaver?','--- \n:targets: \n- :target: d\n  :state: onstate\n',0),(1025,4,'Description',2,2,NULL,'desc::1::Dårligere end gennemsnit###desc::2::Som gennemsnit###desc::3::Bedre end gennemsnit','--- \n:targets: \n- :target: d\n  :state: onstate\n',0),(1026,4,'SelectOption',1,3,'1a','option::1::Reklamer/aviser###option::2::Babysitter###option::3::Rengøring###option::4::Opvask###option::5::Oprydning###option::6::Bybud###option::7::Avisrute###option::8::Rede senge###option::88::Andet','--- \n:targets: \n- :target: d\n  :state: onstate\n:validation: \n- :notEqualToField: Q4_q4_4_1\n- :notEqualToField: Q4_q4_5_1\n',1),(1027,4,'Rating',2,3,'1a','radio::1::###radio::2::###radio::3::','--- \n:validation: validate-one-required\n:targets: \n- :target: d\n  :state: onstate\n',1),(1028,4,'SelectOption',1,4,'1b','option::1::Reklamer/aviser###option::2::Babysitter###option::3::Rengøring###option::4::Opvask###option::5::Oprydning###option::6::Bybud###option::7::Avisrute###option::8::Rede senge###option::88::Andet','--- \n:targets: \n- :target: d\n  :state: onstate\n:validation: \n- :notEqualToField: Q4_q4_3_1\n- :notEqualToField: Q4_q4_5_1\n',1),(1029,4,'Rating',2,4,'1b','radio::1::###radio::2::###radio::3::','--- \n:targets: \n- :target: d\n  :state: onstate\n',1),(1030,4,'SelectOption',1,5,'1c','option::1::Reklamer/aviser###option::2::Babysitter###option::3::Rengøring###option::4::Opvask###option::5::Oprydning###option::6::Bybud###option::7::Avisrute###option::8::Rede senge###option::88::Andet','--- \n:targets: \n- :target: d\n  :state: onstate\n:validation: \n- :notEqualToField: Q4_q4_4_1\n- :notEqualToField: Q4_q4_3_1\n',1),(1031,4,'Rating',2,5,'1c','radio::1::###radio::2::###radio::3::','--- \n:targets: \n- :target: d\n  :state: onstate\n',1),(1032,5,'ListItem',1,1,'1','listitem::::Hvor mange gode venner har dit barn? (Omfatter ikke brødre og søstre).','',0),(1033,5,'ListItem',1,2,'2','listitem::::Omtrent hvor mange gange om ugen foretager dit barn sig noget med venner uden for skoletiden?','',0),(1034,5,'SelectOption',2,1,'1','option::0::Ingen###option::1::1 ###option::2::2 eller 3###option::4::4 eller flere###option::9::Uoplyst','',1),(1035,5,'SelectOption',2,2,'2','option::0::Færre end 1###option::1::1 eller 2###option::3::3 eller mere###option::9::Uoplyst','',1),(1038,7,'ListItem',1,10,'2','listitem::::Er der iværksat specielle undervisningsforhold for barnet, f.eks. støtteundervisning, specialklasse eller særlig skole?','--- \n:targets: \n- :state: onstate\n  :target: e\n',0),(1041,7,'ListItemComment',4,11,'3','listitem::::Angiv årsagen:###textbox::::','--- \n:targets: \n- :state: onstate\n  :target: e\n',3),(1042,7,'ListItem',1,11,'3','listitem::::Har barnet gået en klasse om?','--- \n:targets: \n- :state: onstate\n  :target: e\n',2),(1043,7,'Rating',2,10,'2','radio::0::Nej###radio::1::Ja','--- \n:targets: \n- :state: onstate\n  :target: e\n',1),(1045,7,'SelectOption',3,10,'2','listitem::::Hvis ja, hvilken type?###option::1::støtteundervisning###option::2::specialklasse###option::3::særlig skole###option::9::andet','--- \n:targets: \n- :state: onstate\n  :target: e\n',1),(1046,7,'Rating',2,11,'3','radio::0::Nej###radio::1::Ja','--- \n:targets: \n- :state: onstate\n  :target: e\n',3),(1048,7,'ListItem',1,12,'4','listitem::::Har barnet haft faglige eller andre problemer i skolen?','--- \n:targets: \n- :state: onstate\n  :target: e\n',2),(1049,7,'ListItem',1,13,'5','listitem::::Er problemerne holdt op?','--- \n:targets: \n- :state: onstate\n  :target: e\n',0),(1050,7,'SelectOption',3,11,'3','listitem::::Hvis ja, hvilket klassetrin?###option::0::0. klasse###option::1::1. klasse###option::2::2. klasse###option::3::3. klasse###option::4::4. klasse###option::5::5. klasse###option::6::6. klasse###option::7::7. klasse###option::8::8. klasse###option::9::9. klasse###option::10::10. klasse###option::99::Andet','--- \n:targets: \n- :state: onstate\n  :target: e\n',1),(1051,7,'Rating',2,12,'4','radio::0::Nej###radio::1::Ja','--- \n:targets: \n- :state: onstate\n  :target: e\n',3),(1052,7,'ListItemComment',3,12,'4','listitem::::Beskriv venligst###textbox::::','--- \n:targets: \n- :state: onstate\n  :target: e\n',3),(1054,7,'Rating',2,13,'5','radio::0::Nej###radio::1::Ja','--- \n:targets: \n- :state: onstate\n  :target: e\n',1),(1055,9,'ListItem',1,1,'1','listitem::::Har barnet nogle sygdomme, fysiske handicap eller mentale handicap?','',0),(1056,9,'ListItem',1,2,'2','listitem::::Hvad bekymrer dig mest mht. barnet?','',0),(1057,9,'Rating',2,1,'1','radio::0::Nej###radio::1::Ja','--- \n:switch: \n- j\n',1),(1058,9,'ListItemComment',3,1,'','listitem::::Beskriv venligst###textbox::::','--- \n:targets: \n- :target: j\n  :state: offstate\n',3),(1059,9,'TextBox',2,2,'2','textbox::::','',1),(1060,9,'ListItem',1,3,'3','listitem::::Beskriv de bedste sider ved barnet.','',0),(1061,9,'TextBox',2,3,'3','textbox::::','',1),(1063,11,'ListItem',1,1,'1','listitem::::Har barnet nogen sygdom eller handicap (enten fysisk eller psykisk)','',0),(1064,11,'ListItem',1,2,'2','listitem::::Hvad bekymrer dig mest mht. dit barn?','',0),(1065,11,'Rating',2,1,'1','radio::0::Nej###radio::1::Ja','--- \n:switch: \n- j\n',1),(1066,11,'ListItemComment',3,1,'1','listitem::::Beskriv venligst###textbox::::','--- \n:targets: \n- :target: j\n  :state: offstate\n',3),(1067,11,'TextBox',2,2,'2','textbox::::','',1),(1068,11,'ListItem',1,3,'3','listitem::::Beskriv de bedste sider ved dit barn.','',0),(1069,11,'TextBox',2,3,'3','textbox::::','',1),(1072,51,'Rating',3,5,'1c','radio::1::###radio::2::###radio::3::','--- \n:targets: \n- :target: a\n  :state: onstate\n',1),(1073,51,'Questiontext',1,1,'','questiontext::::Hvilke sportsgrene kan du bedst lide at deltage i. F.eks.: svømning, fodbold, håndbold.','',0),(1074,51,'Checkbox',1,2,NULL,'checkbox::0::Ingen','--- \n:switch: \n- a\n',1),(1075,51,'Questiontext',2,1,'','questiontext:::: Sammenlignet med jævnaldrende, hvor meget tid bruger du på hver? ','--- \n:targets: \n- :target: a\n  :state: onstate\n',0),(1076,51,'Questiontext',3,1,'','questiontext::::Sammenlignet med jævnaldrende, hvor god er du?','--- \n:targets: \n- :target: a\n  :state: onstate\n',0),(1077,51,'Description',2,2,NULL,'desc::1::Mindre end gennemsnit###desc::2::Som gennemsnit###desc::3::Mere end gennemsnit','--- \n:targets: \n- :target: a\n  :state: onstate\n',0),(1078,51,'SelectOption',1,3,'1a','option::1::Fodbold###option::2::Håndbold###option::3::Svømning###option::4::Badminton###option::5::Tennis###option::6::Ridning###option::7::Volleyball###option::8::Basketball###option::9::Atletik###option::88::Andet','--- \n:targets: \n- :target: a\n  :state: onstate\n:validation: \n- :notEqualToField: Q1_q1_4_1\n- :notEqualToField: Q1_q1_5_1\n',1),(1079,51,'Rating',2,3,'1a','radio::1::###radio::2::###radio::3::','--- \n:validation: validate-one-required\n:targets: \n- :target: a\n  :state: onstate\n',1),(1080,51,'Description',3,2,NULL,'desc::1::Dårligere end gennemsnit###desc::2::Som gennemsnit###desc::3::Bedre end gennemsnit','--- \n:targets: \n- :target: a\n  :state: onstate\n',0),(1081,51,'SelectOption',1,4,'1b','option::1::Fodbold###option::2::Håndbold###option::3::Svømning###option::4::Badminton###option::5::Tennis###option::6::Ridning###option::7::Volleyball###option::8::Basketball###option::9::Atletik###option::88::Andet','--- \n:targets: \n- :target: a\n  :state: onstate\n:validation: \n- :notEqualToField: Q1_q1_3_1\n- :notEqualToField: Q1_q1_5_1\n',1),(1082,51,'Rating',3,3,'1a','radio::1::###radio::2::###radio::3::','--- \n:validation: validate-one-required\n:targets: \n- :target: a\n  :state: onstate\n',1),(1083,51,'Rating',2,4,'1b','radio::1::###radio::2::###radio::3::','--- \n:targets: \n- :target: a\n  :state: onstate\n',1),(1084,51,'SelectOption',1,5,'1c','option::1::Fodbold###option::2::Håndbold###option::3::Svømning###option::4::Badminton###option::5::Tennis###option::6::Ridning###option::7::Volleyball###option::8::Basketball###option::9::Atletik###option::88::Andet','--- \n:targets: \n- :target: a\n  :state: onstate\n:validation: \n- :notEqualToField: Q1_q1_3_1\n- :notEqualToField: Q1_q1_4_1\n',1),(1085,51,'Rating',2,5,'1c','radio::1::###radio::2::###radio::3::','--- \n:targets: \n- :target: a\n  :state: onstate\n',1),(1086,51,'Rating',3,4,'1b','radio::1::###radio::2::###radio::3::','--- \n:targets: \n- :target: a\n  :state: onstate\n',1),(1099,52,'Rating',3,5,'1c','radio::1::###radio::2::###radio::3::','--- \n:targets: \n- :target: b\n  :state: onstate\n',1),(1100,52,'Questiontext',1,1,'','questiontext::::Nævn dine yndlingshobbyer, som ikke er sportsgrene. F.eks. frimærker, læsning, musik. (Ikke radio og tv).','',0),(1101,52,'Checkbox',1,2,NULL,'checkbox::0::Ingen','--- \n:switch: \n- b\n',1),(1102,52,'Questiontext',2,1,'','questiontext::::Sammenlignet med jævnaldrende, hvor meget tid bruger du på hver?','--- \n:targets: \n- :target: b\n  :state: onstate\n',0),(1103,52,'Questiontext',3,1,'','questiontext::::Sammenlignet med jævnaldrende, hvor god er du til disse aktiviteter?','--- \n:targets: \n- :target: b\n  :state: onstate\n',0),(1104,52,'Description',2,2,NULL,'desc::1::Mindre end gennemsnit###desc::2::Som gennemsnit###desc::3::Mere end gennemsnit','--- \n:targets: \n- :target: b\n  :state: onstate\n',0),(1105,52,'SelectOption',1,3,'1a','option::1::Musik###option::2::Dans###option::3::Samler###option::4::Computer###option::5::Spil###option::6::Læser bøger###option::88::Andet','--- \n:targets: \n- :target: b\n  :state: onstate\n:validation: \n- :notEqualToField: Q2_q2_4_1\n- :notEqualToField: Q2_q2_5_1\n',1),(1106,52,'Rating',2,3,'1a','radio::1::###radio::2::###radio::3::','--- \n:validation: validate-one-required\n:targets: \n- :target: b\n  :state: onstate\n',1),(1107,52,'Description',3,2,NULL,'desc::1::Dårligere end gennemsnit###desc::2::Som gennemsnit###desc::3::Bedre end gennemsnit','--- \n:targets: \n- :target: b\n  :state: onstate\n',0),(1108,52,'SelectOption',1,4,'1b','option::1::Musik###option::2::Dans###option::3::Samler###option::4::Computer###option::5::Spil###option::6::Læser bøger###option::88::Andet','--- \n:targets: \n- :target: b\n  :state: onstate\n:validation: \n- :notEqualToField: Q2_q2_3_1\n- :notEqualToField: Q2_q2_5_1\n',1),(1109,52,'Rating',3,3,'1a','radio::1::###radio::2::###radio::3::','--- \n:validation: validate-one-required\n:targets: \n- :target: b\n  :state: onstate\n',1),(1110,52,'Rating',2,4,'1b','radio::1::###radio::2::###radio::3::','--- \n:targets: \n- :target: b\n  :state: onstate\n',1),(1111,52,'SelectOption',1,5,'1c','option::1::Musik###option::2::Dans###option::3::Samler###option::4::Computer###option::5::Spil###option::6::Læser bøger###option::88::Andet','--- \n:targets: \n- :target: b\n  :state: onstate\n:validation: \n- :notEqualToField: Q2_q2_4_1\n- :notEqualToField: Q2_q2_3_1\n',1),(1112,52,'Rating',2,5,'1c','radio::1::###radio::2::###radio::3::','--- \n:targets: \n- :target: b\n  :state: onstate\n',1),(1113,52,'Rating',3,4,'1b','radio::1::###radio::2::###radio::3::','--- \n:targets: \n- :target: b\n  :state: onstate\n',1),(1114,53,'Questiontext',1,1,'','questiontext::::Hvilke foreninger, klubber, hold eller grupper er du medlem af?','',0),(1115,53,'Questiontext',2,1,'','questiontext::::Sammenlignet med jævnaldrende, hvor aktiv er du inden for hvert område?','--- \n:targets: \n- :target: c\n  :state: onstate\n',0),(1116,53,'Checkbox',1,2,NULL,'checkbox::0::Ingen','--- \n:switch: \n- c\n',1),(1117,53,'Description',2,2,NULL,'desc::1::Mindre end gennemsnit###desc::2::Som gennemsnit###desc::3::Mere end gennemsnit','--- \n:targets: \n- :target: c\n  :state: onstate\n',0),(1118,53,'SelectOption',1,3,'1','option::1::Sportsklub###option::2::Ungdomsklub###option::3::Juniorklub###option::4::Interesseforening###option::88::Andet','--- \n:targets: \n- :target: c\n  :state: onstate\n:validation: \n- :notEqualToField: Q3_q3_4_1\n- :notEqualToField: Q3_q3_5_1\n',1),(1119,53,'Rating',2,3,'1','radio::1::###radio::2::###radio::3::','--- \n:targets: \n- :target: c\n  :state: onstate\n',1),(1120,53,'SelectOption',1,4,'1b','option::1::Sportsklub###option::2::Ungdomsklub###option::3::Juniorklub###option::4::Interesseforening###option::88::Andet','--- \n:targets: \n- :target: c\n  :state: onstate\n:validation: \n- :notEqualToField: Q3_q3_3_1\n- :notEqualToField: Q3_q3_5_1\n',1),(1121,53,'SelectOption',1,5,'1c','option::1::Sportsklub###option::2::Ungdomsklub###option::3::Juniorklub###option::4::Interesseforening###option::88::Andet','--- \n:targets: \n- :target: c\n  :state: onstate\n:validation: \n- :notEqualToField: Q3_q3_4_1\n- :notEqualToField: Q3_q3_3_1\n',1),(1122,53,'Rating',2,4,'1b','radio::1::###radio::2::###radio::3::','--- \n:targets: \n- :target: c\n  :state: onstate\n',1),(1123,53,'Rating',2,5,'1c','radio::1::###radio::2::###radio::3::','--- \n:targets: \n- :target: c\n  :state: onstate\n',1),(1124,54,'Questiontext',1,1,'','questiontext::::Hvilke jobs eller pligter har du? F.eks. avisrute, babysitter, rede senge. (Både betalt og ikke betalt arbejde)','',0),(1125,54,'Checkbox',1,2,NULL,'checkbox::0::Ingen','--- \n:switch: \n- d\n',1),(1126,54,'Questiontext',2,1,'','questiontext::::Sammenlignet med jævnaldrendre, hvor godt synes du, du klarer disse opgaver?','--- \n:targets: \n- :target: d\n  :state: onstate\n',0),(1127,54,'Description',2,2,NULL,'desc::1::Dårligere end gennemsnit###desc::2::Som gennemsnit###desc::3::Bedre end gennemsnit','--- \n:targets: \n- :target: d\n  :state: onstate\n',0),(1128,54,'SelectOption',1,3,'1a','option::1::Reklamer/aviser###option::2::Babysitter###option::3::Rengøring###option::4::Opvask###option::5::Oprydning###option::6::Bybud###option::7::Avisrute###option::8::Rede senge###option::88::Andet','--- \n:targets: \n- :target: d\n  :state: onstate\n:validation: \n- :notEqualToField: Q4_q4_4_1\n- :notEqualToField: Q4_q4_5_1\n',1),(1129,54,'Rating',2,3,'1a','radio::1::###radio::2::###radio::3::','--- \n:validation: validate-one-required\n:targets: \n- :target: d\n  :state: onstate\n',1),(1130,54,'SelectOption',1,4,'1b','option::1::Reklamer/aviser###option::2::Babysitter###option::3::Rengøring###option::4::Opvask###option::5::Oprydning###option::6::Bybud###option::7::Avisrute###option::8::Rede senge###option::88::Andet','--- \n:targets: \n- :target: d\n  :state: onstate\n:validation: \n- :notEqualToField: Q4_q4_3_1\n- :notEqualToField: Q4_q4_5_1\n',1),(1131,54,'Rating',2,4,'1b','radio::1::###radio::2::###radio::3::','--- \n:targets: \n- :target: d\n  :state: onstate\n',1),(1132,54,'SelectOption',1,5,'1c','option::1::Reklamer/aviser###option::2::Babysitter###option::3::Rengøring###option::4::Opvask###option::5::Oprydning###option::6::Bybud###option::7::Avisrute###option::8::Rede senge###option::88::Andet','--- \n:targets: \n- :target: d\n  :state: onstate\n:validation: \n- :notEqualToField: Q4_q4_4_1\n- :notEqualToField: Q4_q4_3_1\n',1),(1133,54,'Rating',2,5,'1c','radio::1::###radio::2::###radio::3::','--- \n:targets: \n- :target: d\n  :state: onstate\n',1),(1134,55,'ListItem',1,1,'1','listitem::::Hvor mange gode venner har du? (Omfatter ikke brødre og søstre).','',0),(1135,55,'ListItem',1,2,'2','listitem::::Hvor mange gange om ugen foretager du dig noget med dine venner uden for skoletiden?','',0),(1136,55,'SelectOption',2,1,'1','option::0::Ingen###option::1::1###option::2::2 eller 3###option::4::4 eller flere###option::9::Uoplyst','',1),(1137,55,'SelectOption',2,2,'2','option::0::Færre end 1###option::1::1 eller 2###option::3::3 eller mere###option::9::Uoplyst','',1),(1138,57,'Rating',2,6,'1e','radio::1::###radio::2::###radio::3::###radio::4::','--- {}\n\n',1),(1139,57,'SelectOption',1,7,'1f','option::1::Religion###option::2::Geografi###option::3::Formning###option::4::Sløjd###option::5::Gymnastik###option::6::Fysik###option::7::Tysk###option::8::Fransk###option::88::Andet','--- \n:validation: \n- :notEqualToField: Q7_q7_8_1\n',1),(1140,57,'Rating',2,7,'1f','radio::1::###radio::2::###radio::3::###radio::4::','--- {}\n\n',1),(1141,57,'SelectOption',1,8,'1g','option::1::Religion###option::2::Geografi###option::3::Formning###option::4::Sløjd###option::5::Gymnastik###option::6::Fysik###option::7::Tysk###option::8::Fransk###option::88::Andet','--- \n:validation: \n- :notEqualToField: Q7_q7_7_1\n',1),(1142,57,'Rating',2,8,'1g','radio::1::###radio::2::###radio::3::###radio::4::','--- {}\n\n',1),(1143,57,'Questiontext',1,1,'','questiontext::::Med hensyn til skolefærdigheder, hvordan klarer du dig:','--- {}\n\n',0),(1144,57,'ListItem',1,2,'1a','listitem::::Læsning','--- {}\n\n',0),(1145,57,'Description',2,1,NULL,'desc::1::Langt Under Middel###desc::2::Under Middel###desc::3::Middel###desc::4::Over Middel','--- {}\n\n',0),(1146,57,'ListItem',1,3,'1b','listitem::::Stavning','--- {}\n\n',0),(1147,57,'Rating',2,2,'1a','radio::1::###radio::2::###radio::3::###radio::4::','--- {}\n\n',1),(1148,57,'ListItem',1,4,'1c','listitem::::Matematik og regning','--- {}\n\n',0),(1149,57,'Rating',2,3,'1b','radio::1::###radio::2::###radio::3::###radio::4::','--- {}\n\n',1),(1150,57,'Rating',2,4,'1c','radio::1::###radio::2::###radio::3::###radio::4::','--- {}\n\n',1),(1151,57,'ListItem',1,5,'1d','listitem::::Natur og teknik','--- {}\n\n',0),(1152,57,'ListItem',1,6,'1e','listitem::::Engelsk','--- {}\n\n',0),(1153,57,'Rating',2,5,'1d','radio::1::###radio::2::###radio::3::###radio::4::','--- {}\n\n',1),(1154,56,'Questiontext',1,1,'','questiontext::::Sammenlignet med andre på samme alder, hvor godt synes du at du:','--- {}\n\n',0),(1155,56,'ListItem',1,2,'1a','listitem::::Enes med dine søskende?','--- {}\n\n',0),(1156,56,'Description',2,1,NULL,'desc::1::Dårligt###desc::2::Middel###desc::3::Bedre','--- {}\n\n',0),(1157,56,'Rating',2,2,'1a','radio::1::###radio::2::###radio::3::','--- {}\n\n',1),(1158,56,'ListItem',1,3,'1b','listitem::::Enes med andre børn/unge?','--- {}\n\n',0),(1159,56,'Rating',2,3,'1b','radio::1::###radio::2::###radio::3::','--- {}\n\n',1),(1160,56,'ListItem',1,4,'1c','listitem::::Enes med dine forældre?','--- {}\n\n',0),(1161,56,'ListItem',1,5,'1d','listitem::::Beskæftiger dig når du er alene?','--- {}\n\n',0),(1162,56,'Rating',2,4,'1c','radio::1::###radio::2::###radio::3::','--- {}\n\n',1),(1163,56,'Rating',2,5,'1d','radio::1::###radio::2::###radio::3::','--- {}\n\n',1),(1164,10,'ListItem',1,7,'6','listitem::::Er du bekymret for dit barns sprogudvikling?','',0),(1165,10,'Rating',2,6,'5','radio::0::Nej###radio::1::Ja','--- \n:switch: \n- m\n',1),(1166,10,'ListItemComment',3,5,'4','listitem::::Hvilke sprog?###textbox::::','--- \n:targets: \n- :target: l\n  :state: offstate\n',3),(1167,10,'Questiontext',1,8,'7','questiontext::::Er der andet vedrørende barnets udvikling, som du ønsker at kommentere:','',0),(1168,10,'ListItemComment',3,6,'5','listitem::::Hvem?###textbox::::','--- \n:targets: \n- :target: m\n  :state: offstate\n',3),(1169,10,'Rating',2,7,'7','radio::0::Nej###radio::1::Ja','--- \n:switch: \n- n\n',1),(1170,10,'ListItemComment',3,7,'6','listitem::::Hvorfor?###textbox::::','--- \n:targets: \n- :target: n\n  :state: offstate\n',3),(1171,10,'TextBox',2,8,'7','textbox::::','',1),(1172,10,'Information',1,1,NULL,'information::::Yderligere spørgsmål vedrørende dit barns udvikling.','',0),(1173,10,'ListItem',1,2,'1','listitem::::Er dit barn født for tidligt?','',0),(1174,10,'Rating',2,2,'1','radio::0::Nej###radio::1::Ja','--- \n:switch: \n- k\n',1),(1175,10,'ListItem',1,3,'2','listitem::::Hvor meget vejede dit barn ved fødslen?','',0),(1176,10,'ListItem',2,3,'2','listitem::::###listitem::::gram.','',1),(1177,10,'ListItem',1,4,'3','listitem::::Hvor mange gange har dit barn haft mellemørebetændelse før han/hun blev 24mdr.?','',0),(1178,10,'ListItem',3,2,'1','listitem::::###listitem::::uger.','--- \n:targets: \n- :target: k\n  :state: offstate\n',1),(1179,10,'ListItem',1,5,'4','listitem::::Tales der andet end dansk i hjemmet?','',0),(1180,10,'Rating',2,4,'3','radio::0::Aldrig###radio::1::0-2 gange###radio::2::3-5 gange###radio::3::6-8 gange###radio::4::9 eller flere gange','',1),(1181,10,'Rating',2,5,'4','radio::0::Nej###radio::1::Ja','--- \n:switch: \n- l\n',1),(1182,10,'ListItem',1,6,'5','listitem::::Har nogen i familien været sene til at lære at tale?','',0),(1183,18,'Rating',1,112,'102','radio::0::0###radio::1::1###radio::2::2','--- \n:required: true\n',1),(1184,18,'Rating',1,93,'83','radio::0::0###radio::1::1###radio::2::2','--- \n:required: true\n',1),(1185,18,'Rating',1,56,'54','radio::0::0###radio::1::1###radio::2::2','--- \n:required: true\n',1),(1186,18,'ListItem',2,63,'56e','listitem::::Udslæt eller andre hudproblemer','',0),(1187,18,'ListItem',2,112,'102','listitem::::For lidt aktiv, bevæger sig langsomt eller mangler energi','',0),(1188,18,'ListItemComment',2,93,'83','listitem::::Samler ting han/hun ikke har brug for (beskriv)###textbox::::','',3),(1189,18,'Rating',1,6,'4','radio::0::0###radio::1::1###radio::2::2','--- \n:required: true\n',1),(1190,18,'ListItem',2,56,'54','listitem::::Overtræt','',0),(1191,18,'Rating',1,105,'95','radio::0::0###radio::1::1###radio::2::2','--- \n:required: true\n',1),(1192,18,'Rating',1,72,'62','radio::0::0###radio::1::1###radio::2::2','--- \n:required: true\n',1),(1193,18,'Rating',1,49,'47','radio::0::0###radio::1::1###radio::2::2','--- \n:required: true\n',1),(1194,18,'Rating',1,35,'33','radio::0::0###radio::1::1###radio::2::2','--- \n:required: true\n',1),(1195,18,'ListItem',2,6,'4','listitem::::Bliver ikke færdig med de ting som han/hun begynder på','',0),(1196,18,'Rating',1,28,'26','radio::0::0###radio::1::1###radio::2::2','--- \n:required: true\n',1),(1197,18,'ListItem',2,105,'95','listitem::::Anfald af arrigskab eller vrede','',0),(1198,18,'ListItem',2,72,'62','listitem::::Klodset eller dårlig til at koordinere sine bevægelser','',0),(1199,18,'ListItem',2,49,'47','listitem::::Indordner sig for let','',0),(1200,18,'ListItem',2,35,'33','listitem::::Føler eller beklager sig over at ingen holder af ham/hende','',0),(1201,18,'ListItem',2,28,'26','listitem::::Har tilsyneladede ikke skyldfølelse efter at have opført sig dårligt','',0),(1202,18,'Rating',1,66,'56h','radio::0::0###radio::1::1###radio::2::2','--- \n:required: true\n',1),(1203,18,'Rating',1,122,'112','radio::0::0###radio::1::1###radio::2::2','--- \n:required: true\n',1),(1204,18,'ListItemComment',2,66,'56h','listitem::::Andet (beskriv)###textbox::::','',3),(1205,18,'Rating',1,115,'105','radio::0::0###radio::1::1###radio::2::2','--- \n:required: true\n',1),(1206,18,'Rating',1,96,'86','radio::0::0###radio::1::1###radio::2::2','--- \n:required: true\n',1),(1207,18,'Rating',1,82,'72','radio::0::0###radio::1::1###radio::2::2','--- \n:required: true\n',1),(1208,18,'Rating',1,59,'56a','radio::0::0###radio::1::1###radio::2::2','--- \n:required: true\n',1),(1209,18,'ListItem',2,122,'112','listitem::::Bekymrer sig','',0),(1210,18,'Rating',1,38,'36','radio::0::0###radio::1::1###radio::2::2','--- \n:required: true\n',1),(1211,18,'ListItemComment',2,115,'105','listitem::::Indtager alkohol eller stoffer uden lægelig begrundelse (beskriv)###textbox::::','',3),(1212,18,'ListItem',2,96,'86','listitem::::Stædig, mut eller irritabel','',0),(1213,18,'ListItem',2,82,'72','listitem::::Sjusket skolearbejde','',0),(1214,18,'Rating',1,9,'7','radio::0::0###radio::1::1###radio::2::2','--- \n:required: true\n',1),(1215,18,'ListItem',2,59,'56a','listitem::::Har ondt eller smerter, ikke hovedpine','',0),(1216,18,'Rating',1,108,'98','radio::0::0###radio::1::1###radio::2::2','--- \n:required: true\n',1),(1217,18,'Rating',1,75,'65','radio::0::0###radio::1::1###radio::2::2','--- \n:required: true\n',1),(1218,18,'ListItem',2,38,'36','listitem::::Kommer ofte til skade, ulykkesfugl','',0),(1219,18,'ListItem',2,9,'7','listitem::::Praler, viser sig','',0),(1220,18,'Rating',1,10,'8','radio::0::0###radio::1::1###radio::2::2','--- \n:required: true\n',1),(1221,18,'ListItem',2,108,'98','listitem::::Kommer for sent i skole eller til time','',0),(1222,18,'ListItem',2,75,'65','listitem::::Nægter at tale','',0),(1223,18,'ListItem',2,10,'8','listitem::::Kan ikke koncentrere sig, kan ikke være opmærksom i længere tid','',0),(1224,18,'Rating',1,69,'59','radio::0::0###radio::1::1###radio::2::2','--- \n:required: true\n',1),(1225,18,'Rating',1,41,'39','radio::0::0###radio::1::1###radio::2::2','--- \n:required: true\n',1),(1226,18,'ListItem',2,69,'59','listitem::::Sover i timen','',0),(1227,18,'Rating',1,118,'108','radio::0::0###radio::1::1###radio::2::2','--- \n:required: true\n',1),(1228,18,'Rating',1,99,'89','radio::0::0###radio::1::1###radio::2::2','--- \n:required: true\n',1),(1229,18,'Rating',1,85,'75','radio::0::0###radio::1::1###radio::2::2','--- \n:required: true\n',1),(1230,18,'ListItem',2,41,'39','listitem::::Er sammen med andre der har problemer','',0),(1231,18,'Rating',1,78,'68','radio::0::0###radio::1::1###radio::2::2','--- \n:required: true\n',1),(1232,18,'Rating',1,20,'18','radio::0::0###radio::1::1###radio::2::2','--- \n:required: true\n',1),(1233,18,'ListItem',2,118,'108','listitem::::Bange for at lave fejl','',0),(1234,18,'ListItem',2,99,'89','listitem::::Mistænksom','',0),(1235,18,'ListItem',2,85,'75','listitem::::Sky eller genert','',0),(1236,18,'ListItem',2,78,'68','listitem::::Skriger meget','',0),(1237,18,'ListItem',2,20,'18','listitem::::Skader bevidst sig selv eller forsøger selvmord','',0),(1238,18,'Rating',1,13,'11','radio::0::0###radio::1::1###radio::2::2','--- \n:required: true\n',1),(1239,18,'ListItem',2,13,'11','listitem::::Klynger sig til voksne eller er for afhængig','',0),(1240,18,'Rating',1,51,'49','radio::0::0###radio::1::1###radio::2::2','--- \n:required: true\n',1),(1241,18,'Rating',1,88,'78','radio::0::0###radio::1::1###radio::2::2','--- \n:required: true\n',1),(1242,18,'Rating',1,44,'42','radio::0::0###radio::1::1###radio::2::2','--- \n:required: true\n',1),(1243,18,'Rating',1,30,'28','radio::0::0###radio::1::1###radio::2::2','--- \n:required: true\n',1),(1244,18,'Information',1,1,NULL,'information::::Her er en liste over egenskaber som kan være til stede i større eller mindre grad. Marker for hver egenskab, hvorledes den passer på eleven nu eller de sidste 2 måneder. Marker 2, hvis beskrivelsen passer godt eller ofte. Marker 1, hvis beskrivelsen passer til en vis grad eller nogen gange. Hvis beskrivelsen ikke passer på eleven, markeer 0. Svar venligst så godt du kan på alle spørgsmålene.','',0),(1245,18,'ListItem',2,51,'49','listitem::::Har indlæringsvanskeligheder','',0),(1246,18,'ListItem',2,88,'78','listitem::::Uopmærksom, let afledelig','',0),(1247,18,'ListItem',2,44,'42','listitem::::Vil hellere være alene end sammen med andre','',0),(1248,18,'ListItem',2,30,'28','listitem::::Overholder ikke regler i skolen','',0),(1249,18,'Rating',1,23,'21','radio::0::0###radio::1::1###radio::2::2','--- \n:required: true\n',1),(1250,18,'Rating',1,16,'14','radio::0::0###radio::1::1###radio::2::2','--- \n:required: true\n',1),(1251,18,'Rating',1,101,'91','radio::0::0###radio::1::1###radio::2::2','--- \n:required: true\n',1),(1252,18,'ListItem',2,23,'21','listitem::::Ødelægger ting der tilhører andre','',0),(1253,18,'ListItem',2,16,'14','listitem::::Græder meget','',0),(1254,18,'ListItem',2,101,'91','listitem::::Taler om at tage livet af sig selv','',0),(1255,18,'Rating',1,61,'56c','radio::0::0###radio::1::1###radio::2::2','--- \n:required: true\n',1),(1256,18,'Rating',1,110,'100','radio::0::0###radio::1::1###radio::2::2','--- \n:required: true\n',1),(1257,18,'Rating',1,91,'81','radio::0::0###radio::1::1###radio::2::2','--- \n:required: true\n',1),(1258,18,'Rating',1,54,'52','radio::0::0###radio::1::1###radio::2::2','--- \n:required: true\n',1),(1259,18,'ListItem',2,61,'56c','listitem::::Kvalme, føler sig utilpas','',0),(1260,18,'ListItem',2,110,'100','listitem::::Laver ikke opgaver han/hun har fået','',0),(1261,18,'ListItem',2,91,'81','listitem::::Bliver såret hvis han/hun kritiseres','',0),(1262,18,'Rating',1,4,'2','radio::0::0###radio::1::1###radio::2::2','--- \n:required: true\n',1),(1263,18,'ListItem',2,54,'52','listitem::::Har for stærk skyldfølelse','',0),(1264,18,'Rating',1,103,'93','radio::0::0###radio::1::1###radio::2::2','--- \n:required: true\n',1),(1265,18,'Rating',1,70,'60','radio::0::0###radio::1::1###radio::2::2','--- \n:required: true\n',1),(1266,18,'Rating',1,47,'45','radio::0::0###radio::1::1###radio::2::2','--- \n:required: true\n',1),(1267,18,'Rating',1,33,'31','radio::0::0###radio::1::1###radio::2::2','--- \n:required: true\n',1),(1268,18,'ListItem',2,4,'2','listitem::::Brummer eller laver andre mærkelige lyde i timerne','',0),(1269,18,'Rating',1,26,'24','radio::0::0###radio::1::1###radio::2::2','--- \n:required: true\n',1),(1270,18,'ListItem',2,103,'93','listitem::::Taler for meget','',0),(1271,18,'ListItem',2,70,'60','listitem::::Apatisk eller umotiveret','',0),(1272,18,'ListItem',2,47,'45','listitem::::Nervøs eller anspændt','',0),(1273,18,'ListItem',2,33,'31','listitem::::Er bange for at tænke eller føre noget forkert','',0),(1274,18,'Rating',1,120,'110','radio::0::0###radio::1::1###radio::2::2','--- \n:required: true\n',1),(1275,18,'ListItem',2,26,'24','listitem::::Forstyrrer andre elever','',0),(1276,18,'Rating',1,19,'17','radio::0::0###radio::1::1###radio::2::2','--- \n:required: true\n',1),(1277,18,'Rating',1,64,'56f','radio::0::0###radio::1::1###radio::2::2','--- \n:required: true\n',1),(1278,18,'ListItem',2,19,'17','listitem::::Dagdrømmer eller fortaber sig i egne tanker','',0),(1279,18,'ListItem',2,120,'110','listitem::::Fremtræder snavset, uren','',0),(1280,18,'ListItem',2,64,'56f','listitem::::Mavesmerter','',0),(1281,18,'Rating',1,113,'103','radio::0::0###radio::1::1###radio::2::2','--- \n:required: true\n',1),(1282,18,'Rating',1,94,'84','radio::0::0###radio::1::1###radio::2::2','--- \n:required: true\n',1),(1283,18,'Rating',1,80,'70','radio::0::0###radio::1::1###radio::2::2','--- \n:required: true\n',1),(1284,18,'Rating',1,57,'55','radio::0::0###radio::1::1###radio::2::2','--- \n:required: true\n',1),(1285,18,'Rating',1,36,'34','radio::0::0###radio::1::1###radio::2::2','--- \n:required: true\n',1),(1286,18,'ListItem',2,113,'103','listitem::::Ulykkelig, trist eller deprimeret','',0),(1287,18,'ListItemComment',2,94,'84','listitem::::Mærkelig opførsel (beskriv)###textbox::::','',3),(1288,18,'ListItemComment',2,80,'70','listitem::::Ser ting som ikke er der (beskriv)###textbox::::','',3),(1289,18,'Rating',1,7,'5','radio::0::0###radio::1::1###radio::2::2','--- \n:required: true\n',1),(1290,18,'ListItem',2,57,'55','listitem::::Overvægtig','',0),(1291,18,'Rating',1,106,'96','radio::0::0###radio::1::1###radio::2::2','--- \n:required: true\n',1),(1292,18,'Rating',1,73,'63','radio::0::0###radio::1::1###radio::2::2','--- \n:required: true\n',1),(1293,18,'ListItem',2,36,'34','listitem::::Føler at andre er ude efter ham/hende','',0),(1294,18,'ListItem',2,7,'5','listitem::::Det er meget få ting han/hun nyder at lave','',0),(1295,18,'Rating',1,29,'27','radio::0::0###radio::1::1###radio::2::2','--- \n:required: true\n',1),(1296,18,'ListItem',2,106,'96','listitem::::Er meget optaget af sex','',0),(1297,18,'ListItem',2,73,'63','listitem::::Foretrækker at være sammen med ældre børn','',0),(1298,18,'ListItem',2,29,'27','listitem::::Bliver let jaloux','',0),(1299,18,'ListItemComment',2,123,'113','listitem::::Skriv venligst hvilke problemer eleven har, der ikke er nævnt på listen###textbox::::','',3),(1300,18,'Rating',1,67,'57','radio::0::0###radio::1::1###radio::2::2','--- \n:required: true\n',1),(1302,18,'ListItem',2,67,'57','listitem::::Angriber andre med slag eller spark','',0),(1303,18,'Rating',1,116,'106','radio::0::0###radio::1::1###radio::2::2','--- \n:required: true\n',1),(1304,18,'Rating',1,97,'87','radio::0::0###radio::1::1###radio::2::2','--- \n:required: true\n',1),(1305,18,'Rating',1,83,'73','radio::0::0###radio::1::1###radio::2::2','--- \n:required: true\n',1),(1306,18,'Rating',1,109,'99','radio::0::0###radio::1::1###radio::2::2','--- \n:required: true\n',1),(1307,18,'Rating',1,76,'66','radio::0::0###radio::1::1###radio::2::2','--- \n:required: true\n',1),(1308,18,'Rating',1,39,'37','radio::0::0###radio::1::1###radio::2::2','--- \n:required: true\n',1),(1309,18,'ListItem',2,116,'106','listitem::::Ivrig efter at behage andre','',0),(1310,18,'ListItem',2,97,'87','listitem::::Svingede i humør eller følelser','',0),(1311,18,'ListItemComment',2,83,'73','listitem::::Opfører sig uansvarligt (beskriv)###textbox::::','',3),(1312,18,'Rating',1,11,'9','radio::0::0###radio::1::1###radio::2::2','--- \n:required: true\n',1),(1313,18,'ListItem',2,109,'99','listitem::::Ryge cigaretter (tobak)','',0),(1314,18,'ListItemComment',2,76,'66','listitem::::Gentager bestemte handlinger igen og igen, tvangshandlinger (beskriv)###textbox::::','',3),(1315,18,'ListItem',2,39,'37','listitem::::Kommer ofte op at slås','',0),(1316,18,'ListItemComment',2,11,'9','listitem::::Kan ikke tænke på andet end bestemte tanker, tvangstanker (beskriv)###textbox::::','',3),(1317,18,'Rating',1,119,'109','radio::0::0###radio::1::1###radio::2::2','--- \n:required: true\n',1),(1318,18,'Rating',1,86,'76','radio::0::0###radio::1::1###radio::2::2','--- \n:required: true\n',1),(1319,18,'Rating',1,42,'40','radio::0::0###radio::1::1###radio::2::2','--- \n:required: true\n',1),(1320,18,'ListItem',2,119,'109','listitem::::Jamrer','',0),(1321,18,'ListItem',2,86,'76','listitem::::Eksplosiv og uforudsigelig adfærd','',0),(1322,18,'ListItemComment',2,42,'40','listitem::::Hører lyde og stemmer som ikke er der (beskriv)###textbox::::','',3),(1323,18,'Rating',1,79,'69','radio::0::0###radio::1::1###radio::2::2','--- \n:required: true\n',1),(1324,18,'Rating',1,21,'19','radio::0::0###radio::1::1###radio::2::2','--- \n:required: true\n',1),(1325,18,'Rating',1,14,'12','radio::0::0###radio::1::1###radio::2::2','--- \n:required: true\n',1),(1326,18,'ListItem',2,79,'69','listitem::::Hemmelighedsfuld, holder tingene for sig selv','',0),(1327,18,'ListItem',2,21,'19','listitem::::Kræver meget opmærksomhed','',0),(1328,18,'ListItem',2,14,'12','listitem::::Klager over ensomhed','',0),(1329,18,'Rating',1,52,'50','radio::0::0###radio::1::1###radio::2::2','--- \n:required: true\n',1),(1330,18,'Information',1,2,NULL,'information::::0 = Passer ikke &nbsp; 1 = Passer til en vis grad eller nogen gange &nbsp; 2 = Passer godt eller ofte','',0),(1331,18,'ListItem',2,52,'50','listitem::::For bange eller ængstelig','',0),(1332,18,'Rating',1,89,'79','radio::0::0###radio::1::1###radio::2::2','--- \n:required: true\n',1),(1333,18,'Rating',1,45,'43','radio::0::0###radio::1::1###radio::2::2','--- \n:required: true\n',1),(1334,18,'Rating',1,31,'29','radio::0::0###radio::1::1###radio::2::2','--- \n:required: true\n',1),(1335,18,'Rating',1,24,'22','radio::0::0###radio::1::1###radio::2::2','--- \n:required: true\n',1),(1336,18,'ListItemComment',2,89,'79','listitem::::Taleproblemer (beskriv)###textbox::::','',3),(1337,18,'ListItem',2,45,'43','listitem::::Lyver eller snyder','',0),(1338,18,'ListItemComment',2,31,'29','listitem::::Er bange for visse dyr, situationer eller steder - gælder ikke skolen (beskriv)###textbox::::','',3),(1339,18,'ListItem',2,24,'22','listitem::::Vanskeligt ved at følge instruktioner','',0),(1340,18,'Rating',1,17,'15','radio::0::0###radio::1::1###radio::2::2','--- \n:required: true\n',1),(1341,18,'Rating',1,62,'56d','radio::0::0###radio::1::1###radio::2::2','--- \n:required: true\n',1),(1342,18,'ListItem',2,17,'15','listitem::::Febrilsk, pillende','',0),(1343,18,'ListItemComment',2,62,'56d','listitem::::Problemer med øjnene (beskriv).###textbox::::','',3),(1344,18,'Rating',1,111,'101','radio::0::0###radio::1::1###radio::2::2','--- \n:required: true\n',1),(1345,18,'Rating',1,92,'82','radio::0::0###radio::1::1###radio::2::2','--- \n:required: true\n',1),(1346,18,'Rating',1,55,'53','radio::0::0###radio::1::1###radio::2::2','--- \n:required: true\n',1),(1347,18,'Rating',1,104,'94','radio::0::0###radio::1::1###radio::2::2','--- \n:required: true\n',1),(1348,18,'Rating',1,71,'61','radio::0::0###radio::1::1###radio::2::2','--- \n:required: true\n',1),(1349,18,'Rating',1,48,'46','radio::0::0###radio::1::1###radio::2::2','--- \n:required: true\n',1),(1350,18,'Rating',1,34,'32','radio::0::0###radio::1::1###radio::2::2','--- \n:required: true\n',1),(1351,18,'ListItem',2,111,'101','listitem::::Skulker eller pjækker fra skole','',0),(1352,18,'ListItem',2,92,'82','listitem::::Stjæler','',0),(1353,18,'Rating',1,5,'3','radio::0::0###radio::1::1###radio::2::2','--- \n:required: true\n',1),(1354,18,'ListItem',2,55,'53','listitem::::Afbryder andre','',0),(1355,18,'ListItem',2,71,'61','listitem::::Arbejder dårligt med skolearbejdet','',0),(1356,18,'ListItemComment',2,48,'46','listitem::::Nervøse bevægelser, tics eller trækninger (beskriv)###textbox::::','',3),(1357,18,'ListItem',2,34,'32','listitem::::Føler at han/hun skal være perfekt','',0),(1358,18,'ListItem',2,5,'3','listitem::::Diskuterer meget','',0),(1359,18,'Rating',1,27,'25','radio::0::0###radio::1::1###radio::2::2','--- \n:required: true\n',1),(1360,18,'ListItem',2,104,'94','listitem::::Driller meget','',0),(1361,18,'ListItem',2,27,'25','listitem::::Kommer dårligt ud af det med andre elever','',0),(1362,18,'Rating',1,121,'111','radio::0::0###radio::1::1###radio::2::2','--- \n:required: true\n',1),(1363,18,'Rating',1,65,'56g','radio::0::0###radio::1::1###radio::2::2','--- \n:required: true\n',1),(1364,18,'Rating',1,81,'71','radio::0::0###radio::1::1###radio::2::2','--- \n:required: true\n',1),(1365,18,'Placeholder',1,58,'56','placeholder::::','',0),(1366,18,'ListItem',2,121,'111','listitem::::Tilbagetrukken, involverer sig ikke med andre','',0),(1367,18,'ListItem',2,65,'56g','listitem::::Brækker sig, kaster op','',0),(1368,18,'Rating',1,114,'104','radio::0::0###radio::1::1###radio::2::2','--- \n:required: true\n',1),(1369,18,'Rating',1,95,'85','radio::0::0###radio::1::1###radio::2::2','--- \n:required: true\n',1),(1370,18,'Rating',1,8,'6','radio::0::0###radio::1::1###radio::2::2','--- \n:required: true\n',1),(1371,18,'ListItem',2,58,'56','listitem::::Fysiske problemer uden kendt medicinsk årsag:','',0),(1372,18,'Rating',1,107,'97','radio::0::0###radio::1::1###radio::2::2','--- \n:required: true\n',1),(1373,18,'Rating',1,74,'64','radio::0::0###radio::1::1###radio::2::2','--- \n:required: true\n',1),(1374,18,'Rating',1,37,'35','radio::0::0###radio::1::1###radio::2::2','--- \n:required: true\n',1),(1375,18,'ListItem',2,114,'104','listitem::::Usædvanlig højrøstet','',0),(1376,18,'ListItemComment',2,95,'85','listitem::::Mærkelige ideer (beskriv)###textbox::::','',3),(1377,18,'ListItem',2,81,'71','listitem::::Bliver let flov eller forlegen','',0),(1378,18,'ListItem',2,8,'6','listitem::::Trodsig, svarer igen','',0),(1379,18,'ListItem',2,107,'97','listitem::::Truer folk','',0),(1380,18,'ListItem',2,74,'64','listitem::::Foretrækker at være sammen med yngre børn','',0),(1381,18,'ListItem',2,37,'35','listitem::::Føler sig værdiløs eller underlegen','',0),(1382,18,'Rating',1,68,'58','radio::0::0###radio::1::1###radio::2::2','--- \n:required: true\n',1),(1383,18,'ListItemComment',2,68,'58','listitem::::Piller næse, hud eller andre dele af kroppen (beskriv)###textbox::::','',3),(1384,18,'Rating',1,117,'107','radio::0::0###radio::1::1###radio::2::2','--- \n:required: true\n',1),(1385,18,'Rating',1,98,'88','radio::0::0###radio::1::1###radio::2::2','--- \n:required: true\n',1),(1386,18,'Rating',1,84,'74','radio::0::0###radio::1::1###radio::2::2','--- \n:required: true\n',1),(1387,18,'Rating',1,40,'38','radio::0::0###radio::1::1###radio::2::2','--- \n:required: true\n',1),(1388,18,'ListItem',2,117,'107','listitem::::Kan ikke lide skolen','',0),(1389,18,'ListItem',2,98,'88','listitem::::Surmuler meget','',0),(1390,18,'ListItem',2,84,'74','listitem::::Klovner eller optræder','',0),(1391,18,'ListItem',2,40,'38','listitem::::Bliver drillet meget','',0),(1392,18,'Rating',1,77,'67','radio::0::0###radio::1::1###radio::2::2','--- \n:required: true\n',1),(1393,18,'Rating',1,12,'10','radio::0::0###radio::1::1###radio::2::2','--- \n:required: true\n',1),(1394,18,'ListItem',2,77,'67','listitem::::Forstyrrer arbejdsklimaet i klassen','',0),(1395,18,'ListItem',2,12,'10','listitem::::Kan ikke sidde stille, rastløs eller hyperaktiv','',0),(1396,18,'Rating',1,50,'48','radio::0::0###radio::1::1###radio::2::2','--- \n:required: true\n',1),(1397,18,'ListItem',2,50,'48','listitem::::Ikke vellidt af andre elever','',0),(1398,18,'Rating',1,87,'77','radio::0::0###radio::1::1###radio::2::2','--- \n:required: true\n',1),(1399,18,'Rating',1,43,'41','radio::0::0###radio::1::1###radio::2::2','--- \n:required: true\n',1),(1400,18,'Rating',1,22,'20','radio::0::0###radio::1::1###radio::2::2','--- \n:required: true\n',1),(1401,18,'ListItem',2,87,'77','listitem::::Behov skal tilfredsstilles med det samme, bliver let frustreret','',0),(1402,18,'ListItem',2,43,'41','listitem::::Impulsiv eller handler uden at tænke','',0),(1403,18,'ListItem',2,22,'20','listitem::::Ødelægger sine ting','',0),(1404,18,'Rating',1,100,'90','radio::0::0###radio::1::1###radio::2::2','--- \n:required: true\n',1),(1405,18,'Rating',1,15,'13','radio::0::0###radio::1::1###radio::2::2','--- \n:required: true\n',1),(1406,18,'ListItem',2,15,'13','listitem::::Er forvirret eller synes at være i en tåge','',0),(1407,18,'ListItem',2,100,'90','listitem::::Bander eller bruger grimme ord','',0),(1408,18,'Rating',1,60,'56b','radio::0::0###radio::1::1###radio::2::2','--- \n:required: true\n',1),(1409,18,'ListItem',2,60,'56b','listitem::::Hovedpine','',0),(1410,18,'Rating',1,90,'80','radio::0::0###radio::1::1###radio::2::2','--- \n:required: true\n',1),(1411,18,'Rating',1,53,'51','radio::0::0###radio::1::1###radio::2::2','--- \n:required: true\n',1),(1412,18,'ListItem',2,53,'51','listitem::::Føler sig svimmel','',0),(1413,18,'ListItem',2,90,'80','listitem::::Stirrer tomt frem for sig','',0),(1414,18,'Rating',1,102,'92','radio::0::0###radio::1::1###radio::2::2','--- \n:required: true\n',1),(1415,18,'Rating',1,32,'30','radio::0::0###radio::1::1###radio::2::2','--- \n:required: true\n',1),(1416,18,'Rating',1,46,'44','radio::0::0###radio::1::1###radio::2::2','--- \n:required: true\n',1),(1417,18,'Rating',1,3,'1','radio::0::0###radio::1::1###radio::2::2','--- \n:required: true\n',1),(1418,18,'ListItem',2,32,'30','listitem::::Er bange for at gå i skole','',0),(1419,18,'ListItem',2,46,'44','listitem::::Bider negle','',0),(1420,18,'ListItem',2,3,'1','listitem::::Opfører sig som yngre end han/hun er','',0),(1421,18,'ListItem',2,102,'92','listitem::::Præstererer dårligere end svarende til sine evner','',0),(1422,18,'Rating',1,25,'23','radio::0::0###radio::1::1###radio::2::2','--- \n:required: true\n',1),(1423,18,'Rating',1,18,'16','radio::0::0###radio::1::1###radio::2::2','--- \n:required: true\n',1),(1424,18,'ListItem',2,25,'23','listitem::::Ulydig i skolen','',0),(1425,18,'ListItem',2,18,'16','listitem::::Er ondskabsfuld eller tyranniserende mod andre','',0),(1426,18,'Rating',1,63,'56e','radio::0::0###radio::1::1###radio::2::2','--- \n:required: true\n',1),(1427,18,'Placeholder',1,123,'','placeholder::::','',0),(1430,214,'Questiontext',1,1,'1','questiontext::::Hvor godt kender du ham/hende?','',0),(1431,214,'Rating',2,1,'1','radio::1::Meget godt###radio::2::Nogenlunde###radio::3::Ikke særlig godt','',1),(1432,215,'Questiontext',1,1,'1','questiontext::::Hvor mange timer (lektioner) har du eleven per uge?','',0),(1433,215,'ListItem',2,1,'1','listitem::::','',1),(1434,216,'Questiontext',1,1,'1','questiontext::::Hvilke fag har du eleven i?','',0),(1435,216,'ListItem',2,1,'1','listitem::::','',1),(1437,217,'Rating',2,1,'1','radio::0::Nej###radio::1::Ja','',1),(1438,217,'ListItemComment',3,1,'1','listitem::::Hvis ja, hvilken type?###textbox::::','',3),(1439,218,'Questiontext',1,1,'1','questiontext::::Har eleven nogensinde gået en klasse om?','',0),(1440,218,'Rating',2,1,'1','radio::0::Nej###radio::1::Ja','',1),(1441,218,'ListItemComment',3,1,'1','listitem::::Klassetrin og årsag:###textbox::::','',3),(1442,219,'ListItem',1,7,'5','listitem::::Engelsk','',0),(1443,219,'Rating',2,6,NULL,'radio::1::###radio::2::###radio::3::###radio::4::###radio::5::','',1),(1444,219,'Rating',2,7,NULL,'radio::1::###radio::2::###radio::3::###radio::4::###radio::5::','',1),(1445,219,'SelectOption',1,8,'6','option::1::Religion###option::2::Geografi###option::3::Formning###option::4::Sløjd###option::5::Gymnastik###option::6::Fysik###option::7::Tysk###option::8::Fransk###option::88::Andet','--- \n:validation: \n- :notEqualToField: Q7_q7_9_1\n',1),(1446,219,'Rating',2,8,NULL,'radio::1::###radio::2::###radio::3::###radio::4::###radio::5::','',1),(1447,219,'SelectOption',1,9,'7','option::1::Religion###option::2::Geografi###option::3::Formning###option::4::Sløjd###option::5::Gymnastik###option::6::Fysik###option::7::Tysk###option::8::Fransk###option::88::Andet','--- \n:validation: \n- :notEqualToField: Q7_q7_8_1\n',1),(1448,219,'Rating',2,9,NULL,'radio::1::###radio::2::###radio::3::###radio::4::###radio::5::','',1),(1449,219,'Information',1,1,NULL,'information::::Aktuelle faglige præstation - anfør de forskellige fag og afkryds i rubrikken, der svarer til elevens præstation:','',0),(1450,219,'ListItem',1,2,'','listitem::::Fag','',0),(1451,219,'ListItem',1,3,'1','listitem::::Læsning','',0),(1452,219,'Description',2,2,NULL,'desc::1::Langt under gennemsnittet###desc::2::Under gennemsnittet###desc::3::Som gennemsnittet###desc::4::Over gennemsnittet###desc::5::Langt over gennemsnittet','',0),(1453,219,'ListItem',1,4,'2','listitem::::Stavning','',0),(1454,219,'Rating',2,3,NULL,'radio::1::###radio::2::###radio::3::###radio::4::###radio::5::','',1),(1455,219,'Rating',2,4,NULL,'radio::1::###radio::2::###radio::3::###radio::4::###radio::5::','',1),(1456,219,'ListItem',1,5,'3','listitem::::Matematik og regning','',0),(1457,219,'Rating',2,5,NULL,'radio::1::###radio::2::###radio::3::###radio::4::###radio::5::','',1),(1458,219,'ListItem',1,6,'4','listitem::::Natur og teknik','',0),(1459,220,'Questiontext',1,1,'','questiontext::::Sammenlignet med typiske elever på samme alderstrin, hvordan vurderes eleven, når det gælder følgende:','',0),(1460,220,'ListItem',1,2,'1','listitem::::Arbejdsindsats','',0),(1461,220,'Description',2,1,NULL,'desc::1::Langt under gennemsnittet###desc::2::Under gennemsnittet###desc::3::Lidt under gennemsnittet###desc::4::Som gennemsnittet###desc::5::Lidt over gennemsnittet###desc::6::Over gennemsnittet###desc::7::Langt over gennemsnittet','',0),(1462,220,'ListItem',1,3,'2','listitem::::Opførsel','',0),(1463,220,'Rating',2,2,NULL,'radio::1::###radio::2::###radio::3::###radio::4::###radio::5::###radio::6::###radio::7::','',1),(1464,220,'Rating',2,3,NULL,'radio::1::###radio::2::###radio::3::###radio::4::###radio::5::###radio::6::###radio::7::','',1),(1465,220,'ListItem',1,4,'3','listitem::::Indlæringsevne','',0),(1466,220,'Rating',2,4,NULL,'radio::1::###radio::2::###radio::3::###radio::4::###radio::5::###radio::6::###radio::7::','',1),(1467,220,'ListItem',1,5,'4','listitem::::Humør','',0),(1468,220,'Rating',2,5,NULL,'radio::1::###radio::2::###radio::3::###radio::4::###radio::5::###radio::6::###radio::7::','',1),(1469,221,'Questiontext',1,1,'1','questiontext::::Har eleven fysiske eller mentale handicaps?','',2),(1470,221,'TextBox',2,1,'1','textbox::::','',3),(1471,222,'Questiontext',1,1,'1','questiontext::::Hvad bekymrer dig mest ved eleven?','',2),(1472,222,'TextBox',2,1,'1','textbox::::','',3),(1473,223,'Questiontext',1,1,'1','questiontext::::Beskriv venligst de bedste ting ved eleven:','',2),(1474,223,'TextBox',2,1,'1','textbox::::','',3),(1475,224,'Questiontext',1,1,'1','questiontext::::Hvor længe har du kendt eleven?','',0),(1476,224,'ListItem',2,1,'1','listitem::::','',1),(1500,231,'ListItem',1,1,'1','listitem::::Hvor længe har du kendt barnet:###listitem::::','',1),(1501,33,'ListItem',1,1,'1','listitem::::Hvor mange timer om ugen er barnet i institution/pasning:###listitem::::','',1),(1502,32,'ListItem',1,1,'','listitem::::Hvor mange børn er der cirka i barnets gruppe?  Antal:###listitem::::','',1),(1503,34,'Questiontext',1,1,'1','questiontext::::Hvor godt kender du barnet:','',0),(1504,34,'Rating',2,1,'1','radio::1::Ikke godt###radio::2::Nogenlunde###radio::3::Meget godt','',1),(1508,31,'Questiontext',1,1,'1','questiontext::::Navn og adresse på institutionen:','',0),(1509,31,'TextBox',2,1,'1','textbox::::','',1),(1510,31,'Questiontext',1,2,'2','questiontext::::Hvilken slags pasning er barnet i:','',0),(1511,31,'Rating',2,2,'2','radio::1::Vuggestue###radio::2::Børnehave###radio::3::Integreret institution###radio::4::Dagpleje###radio::5::Andet:','',1),(1512,31,'ListItemComment',3,2,'2','listitem::::Hvis andet:###textbox::::','',3),(1513,237,'Questiontext',1,1,'1','questiontext::::Er barnet henvist til særlig træning/støtte/undersøgelse:','',0),(1514,237,'Rating',2,1,'1','radio::1::Ved ikke###radio::2::Nej###radio::3::Ja','',1),(1515,237,'ListItemComment',3,1,'1','listitem::::Hvilken og hvornår:###textbox::::','',3),(1581,6,'Questiontext',1,1,'','questiontext::::Sammenlignet med andre børn på samme alder, hvor godt synes du han/hun:','',0),(1582,6,'ListItem',1,2,'1a','listitem::::Enes med sine søskende?','',0),(1583,6,'Description',2,1,NULL,'desc::1::Dårligt###desc::2::Middel###desc::3::Bedre','',0),(1584,6,'ListItem',1,3,'1b','listitem::::Enes med andre børn?','',0),(1585,6,'Rating',2,2,'1a','radio::1::1###radio::2::2###radio::3::3','',1),(1586,6,'ListItem',1,4,'1c','listitem::::Opfører sig sammen med sine forældre?','',0),(1587,6,'Rating',2,3,'1b','radio::1::1###radio::2::2###radio::3::3','',1),(1588,6,'ListItem',1,5,'1d','listitem::::Leger eller arbejder alene?','',0),(1589,6,'Rating',2,4,'1c','radio::1::1###radio::2::2###radio::3::3','',1),(1590,6,'Rating',2,5,'1d','radio::1::1###radio::2::2###radio::3::3','',1),(1591,8,'ListItem',1,1,'1','listitem::::Har barnet nogen sygdom eller handicap (enten fysisk eller psykisk)','',2),(1592,8,'ListItem',1,2,'2','listitem::::Hvad bekymrer dig mest mht. barnet?','',2),(1593,8,'Rating',2,1,'1','radio::0::Nej###radio::1::Ja','--- \n:switch: \n- j\n',3),(1594,8,'ListItemComment',3,1,'','listitem::::Beskriv venligst###textbox::::','--- \n:targets: \n- :target: j\n  :state: offstate\n',3),(1595,8,'TextBox',2,2,'2','textbox::::','',1),(1596,8,'ListItem',1,3,'3','listitem::::Beskriv de bedste sider ved barnet.','',2),(1597,8,'TextBox',2,3,'3','textbox::::','',1),(1671,272,'ListItem',2,100,'98','listitem::::Tilbagetrukken, involverer sig ikke med andre.','',0),(1672,272,'Rating',1,43,'41','radio::0::0###radio::1::1###radio::2::2','--- \n:required: true\n',1),(1673,272,'ListItem',2,81,'79','listitem::::Indordner sig for let.','',0),(1674,272,'Rating',1,95,'93','radio::0::0###radio::1::1###radio::2::2','--- \n:required: true\n',1),(1675,272,'Rating',1,73,'71','radio::0::0###radio::1::1###radio::2::2','--- \n:required: true\n',1),(1676,272,'Rating',1,21,'19','radio::0::0###radio::1::1###radio::2::2','--- \n:required: true\n',1),(1677,272,'ListItem',2,51,'49','listitem::::Er bange for at gå i daginstitution/dagpleje eller skole.','',0),(1678,272,'ListItem',2,43,'41','listitem::::Holder vejret.','',0),(1679,272,'ListItem',2,95,'93','listitem::::Opkastninger (uden kendt medicinsk årsag)','',0),(1680,272,'ListItem',2,21,'19','listitem::::Dagdrømmer eller fortaber sig i egne tanker.','',0),(1681,272,'ListItem',2,73,'71','listitem::::Viser ikke megen interesse for ting omkring sig.','',0),(1682,272,'Rating',1,61,'59','radio::0::0###radio::1::1###radio::2::2','--- \n:required: true\n',1),(1683,272,'Rating',1,13,'11','radio::0::0###radio::1::1###radio::2::2','--- \n:required: true\n',1),(1684,272,'Rating',1,53,'51','radio::0::0###radio::1::1###radio::2::2','--- \n:required: true\n',1),(1685,272,'Rating',1,31,'29','radio::0::0###radio::1::1###radio::2::2','--- \n:required: true\n',1),(1686,272,'ListItem',2,61,'59','listitem::::Skifter hurtigt fra en aktivitet til en anden.','',0),(1687,272,'ListItem',2,13,'11','listitem::::Vil hele tiden hjælpes.','',0),(1688,272,'Rating',1,83,'81','radio::0::0###radio::1::1###radio::2::2','--- \n:required: true\n',1),(1689,272,'ListItem',2,53,'51','listitem::::Febrilsk, pillende.','',0),(1690,272,'ListItem',2,31,'29','listitem::::Bliver let frustreret.','',0),(1691,272,'Rating',1,45,'43','radio::0::0###radio::1::1###radio::2::2','--- \n:required: true\n',1),(1692,272,'Rating',1,75,'73','radio::0::0###radio::1::1###radio::2::2','--- \n:required: true\n',1),(1693,272,'Rating',1,23,'21','radio::0::0###radio::1::1###radio::2::2','--- \n:required: true\n',1),(1694,272,'Rating',1,97,'95','radio::0::0###radio::1::1###radio::2::2','--- \n:required: true\n',1),(1695,272,'ListItem',2,83,'81','listitem::::Stædig, mut eller irritabel.','',0),(1696,272,'Rating',1,63,'61','radio::0::0###radio::1::1###radio::2::2','--- \n:required: true\n',1),(1697,272,'Rating',1,15,'13','radio::0::0###radio::1::1###radio::2::2','--- \n:required: true\n',1),(1698,272,'ListItem',2,45,'43','listitem::::Ser ulykkelig ud uden grund.','',0),(1699,272,'ListItem',2,23,'21','listitem::::Bliver urolig af enhver forandring af rutinen.','',0),(1700,272,'ListItem',2,97,'95','listitem::::Stikker af fra institution.','',0),(1701,272,'ListItem',2,75,'73','listitem::::Sky eller genert.','',0),(1702,272,'ListItem',2,15,'13','listitem::::Græder meget.','',0),(1703,272,'Rating',1,55,'53','radio::0::0###radio::1::1###radio::2::2','--- \n:required: true\n',1),(1704,272,'Rating',1,33,'31','radio::0::0###radio::1::1###radio::2::2','--- \n:required: true\n',1),(1705,272,'ListItem',2,63,'61','listitem::::Nægter at spise.','',0),(1706,272,'Rating',1,85,'83','radio::0::0###radio::1::1###radio::2::2','--- \n:required: true\n',1),(1707,272,'Rating',1,25,'23','radio::0::0###radio::1::1###radio::2::2','--- \n:required: true\n',1),(1708,272,'Rating',1,77,'75','radio::0::0###radio::1::1###radio::2::2','--- \n:required: true\n',1),(1709,272,'ListItem',2,55,'53','listitem::::Angriber andre med slag eller spark.','',0),(1710,272,'ListItemComment',2,33,'31','listitem::::Spiser eller drikker ting som ikke er mad (omfatter ikke slik) - beskriv###textbox::::','',3),(1711,272,'Rating',1,99,'97','radio::0::0###radio::1::1###radio::2::2','--- \n:required: true\n',1),(1712,272,'ListItem',2,85,'83','listitem::::Surmuler meget.','',0),(1713,272,'Information',1,1,'','information::::Her er en liste over egenskaber som kan være til stede i større eller mindre grad. Marker for hver egenskab, hvorledes den passer på barnet nu eller de sidste 6 måneder. Sæt en ring om 2, hvis beskrivelsen passer godt eller ofte. Sæt ring rundt om 1, hvis beskrivelsen passer til en vis grad eller nogen gange. Hvis beskrivelsen ikke passer på barnet, sæt ring om 0. Svar venligst så godt du kan på alle spørgsmålene.','',0),(1714,272,'Rating',1,47,'45','radio::0::0###radio::1::1###radio::2::2','--- \n:required: true\n',1),(1715,272,'ListItem',2,25,'23','listitem::::Svarer ikke når folk taler til ham/hende.','',0),(1716,272,'ListItem',2,77,'75','listitem::::For aktiv.','',0),(1717,272,'Rating',1,65,'63','radio::0::0###radio::1::1###radio::2::2','--- \n:required: true\n',1),(1718,272,'Rating',1,17,'15','radio::0::0###radio::1::1###radio::2::2','--- \n:required: true\n',1),(1719,272,'ListItem',2,99,'97','listitem:::: Klynker eller jamrer.','',0),(1720,272,'ListItem',2,47,'45','listitem::::Kvalme, utilpas (uden kendt medicinsk årsag)','',0),(1721,272,'Rating',1,87,'85','radio::0::0###radio::1::1###radio::2::2','--- \n:required: true\n',1),(1722,272,'ListItem',2,65,'63','listitem::::Rokker ofte med hoved eller krop.','',0),(1723,272,'ListItem',2,17,'15','listitem::::Trodsig.','',0),(1724,272,'Rating',1,35,'33','radio::0::0###radio::1::1###radio::2::2','--- \n:required: true\n',1),(1725,272,'Rating',1,57,'55','radio::0::0###radio::1::1###radio::2::2','--- \n:required: true\n',1),(1726,272,'Rating',1,3,'1','radio::0::0###radio::1::1###radio::2::2','--- \n:required: true\n',1),(1727,272,'ListItem',2,87,'85','listitem::::Raserianfald eller hidsigt temperament.','',0),(1728,272,'Rating',1,27,'25','radio::0::0###radio::1::1###radio::2::2','--- \n:required: true\n',1),(1729,272,'ListItem',2,57,'55','listitem::::Leger for meget med sine kønsorganer.','',0),(1730,272,'Rating',1,49,'47','radio::0::0###radio::1::1###radio::2::2','--- \n:required: true\n',1),(1731,272,'Rating',1,79,'77','radio::0::0###radio::1::1###radio::2::2','--- \n:required: true\n',1),(1732,272,'ListItem',2,35,'33','listitem::::Bliver let såret.','',0),(1733,272,'ListItem',2,3,'1','listitem::::Har ondt eller smerter uden kendt medicinsk årsag (inkluderer ikke mave) og hovedpine).','',0),(1734,272,'ListItem',2,27,'25','listitem::::Kommer dårligt ud af det med andre børn.','',0),(1735,272,'Rating',1,67,'65','radio::0::0###radio::1::1###radio::2::2','--- \n:required: true\n',1),(1736,272,'Rating',1,19,'17','radio::0::0###radio::1::1###radio::2::2','--- \n:required: true\n',1),(1737,272,'ListItem',2,49,'47','listitem::::Nervøs eller anspændt.','',0),(1738,272,'ListItem',2,79,'77','listitem::::Stirrer ud i luften eller synes opslugt af sine egne tanker.','',0),(1739,272,'Rating',1,90,'88','radio::0::0###radio::1::1###radio::2::2','--- \n:required: true\n',1),(1740,272,'Rating',1,37,'35','radio::0::0###radio::1::1###radio::2::2','--- \n:required: true\n',1),(1741,272,'Rating',1,89,'87','radio::0::0###radio::1::1###radio::2::2','--- \n:required: true\n',1),(1742,272,'ListItem',2,67,'65','listitem::::Lyver eller snyder.','',0),(1743,272,'ListItem',2,19,'17','listitem::::Ødelægger sine ting.','',0),(1744,272,'Rating',1,59,'57','radio::0::0###radio::1::1###radio::2::2','--- \n:required: true\n',1),(1745,272,'ListItem',2,90,'88','listitem::::Usamarbejdsvillig.','',0),(1746,272,'ListItem',2,37,'35','listitem::::Kommer ofte op at slås.','',0),(1747,272,'Rating',1,5,'3','radio::0::0###radio::1::1###radio::2::2','--- \n:required: true\n',1),(1748,272,'ListItem',2,89,'87','listitem::::For bange eller ængstelig.','',0),(1749,272,'Rating',1,29,'27','radio::0::0###radio::1::1###radio::2::2','--- \n:required: true\n',1),(1750,272,'ListItem',2,59,'57','listitem::::Problemer med øjnene (uden kendt medicinsk årsag).','',0),(1751,272,'ListItem',2,5,'3','listitem::::Bange for at prøve nye ting.','',0),(1752,272,'ListItem',2,29,'27','listitem::::Har tilsyneladende ikke skyldfølelse efter at have opført sig dårligt.','',0),(1753,272,'Rating',1,69,'67','radio::0::0###radio::1::1###radio::2::2','--- \n:required: true\n',1),(1754,272,'Rating',1,40,'38','radio::0::0###radio::1::1###radio::2::2','--- \n:required: true\n',1),(1755,272,'Rating',1,92,'90','radio::0::0###radio::1::1###radio::2::2','--- \n:required: true\n',1),(1756,272,'ListItem',2,69,'67','listitem::::Virker ligeglad med kærlige ord og kærtegn.','',0),(1757,272,'Rating',1,70,'68','radio::0::0###radio::1::1###radio::2::2','--- \n:required: true\n',1),(1758,272,'Rating',1,39,'37','radio::0::0###radio::1::1###radio::2::2','--- \n:required: true\n',1),(1759,272,'ListItem',2,40,'38','listitem::::Eksplosiv og uforudsigelig adfærd.','',0),(1760,272,'ListItem',2,92,'90','listitem::::Ulykkelig, trist eller deprimeret.','',0),(1761,272,'ListItem',2,70,'68','listitem::::Bliver let flov eller forlegen.','',0),(1762,272,'Rating',1,7,'5','radio::0::0###radio::1::1###radio::2::2','--- \n:required: true\n',1),(1763,272,'ListItem',2,39,'37','listitem::::Bliver for urolig når han/hun er adskilt fra sine forældre.','',0),(1764,272,'Rating',1,10,'8','radio::0::0###radio::1::1###radio::2::2','--- \n:required: true\n',1),(1765,272,'Rating',1,50,'48','radio::0::0###radio::1::1###radio::2::2','--- \n:required: true\n',1),(1766,272,'ListItem',2,7,'5','listitem::::Kan ikke koncentrere sig, kan ikke være opmærksom i længere tid.','',0),(1767,272,'ListItem',2,10,'8','listitem::::Tåler ikke at vente, vil have alting med det samme.','',0),(1768,272,'Rating',1,80,'78','radio::0::0###radio::1::1###radio::2::2','--- \n:required: true\n',1),(1769,272,'ListItem',2,50,'48','listitem::::Udfører ikke opgaver han/hun har fået.','',0),(1770,272,'Rating',1,72,'70','radio::0::0###radio::1::1###radio::2::2','--- \n:required: true\n',1),(1771,272,'Rating',1,42,'40','radio::0::0###radio::1::1###radio::2::2','--- \n:required: true\n',1),(1772,272,'Rating',1,20,'18','radio::0::0###radio::1::1###radio::2::2','--- \n:required: true\n',1),(1773,272,'Rating',1,94,'92','radio::0::0###radio::1::1###radio::2::2','--- \n:required: true\n',1),(1774,272,'ListItem',2,80,'78','listitem::::Mavesmerter (uden kendt medicinsk årsag).','',0),(1775,272,'Rating',1,60,'58','radio::0::0###radio::1::1###radio::2::2','--- \n:required: true\n',1),(1776,272,'Rating',1,12,'10','radio::0::0###radio::1::1###radio::2::2','--- \n:required: true\n',1),(1777,272,'ListItem',2,72,'70','listitem::::Viser ikke varme følelser mod andre mennesker.','',0),(1778,272,'ListItem',2,42,'40','listitem::::Slår andre.','',0),(1779,272,'Rating',1,9,'7','radio::0::0###radio::1::1###radio::2::2','--- \n:required: true\n',1),(1780,272,'ListItem',2,20,'18','listitem::::Ødelægger ting der tilhører andre børn.','',0),(1781,272,'ListItemComment',2,94,'92','listitem::::Bliver urolig af nye personer eller situationer (beskriv)###textbox::::','',3),(1782,272,'ListItem',2,60,'58','listitem::::Irettesættelse ændrer ikke hans/hendes adfærd.','',0),(1783,272,'ListItem',2,12,'10','listitem::::Klynger sig til voksne eller er for afhængig','',0),(1784,272,'Rating',1,52,'50','radio::0::0###radio::1::1###radio::2::2','--- \n:required: true\n',1),(1785,272,'Rating',1,101,'99','radio::0::0###radio::1::1###radio::2::2','--- \n:required: true\n',1),(1786,272,'ListItem',2,9,'7','listitem::::Tåler ikke at ting ikke er på plads.','',0),(1787,272,'Rating',1,30,'28','radio::0::0###radio::1::1###radio::2::2','--- \n:required: true\n',1),(1788,272,'Rating',1,82,'80','radio::0::0###radio::1::1###radio::2::2','--- \n:required: true\n',1),(1789,272,'Rating',1,22,'20','radio::0::0###radio::1::1###radio::2::2','--- \n:required: true\n',1),(1790,272,'Rating',1,74,'72','radio::0::0###radio::1::1###radio::2::2','--- \n:required: true\n',1),(1791,272,'ListItem',2,52,'50','listitem::::Overtræt.','',0),(1792,272,'ListItem',2,101,'99','listitem::::Bekymrer sig.','',0),(1793,272,'Rating',1,44,'42','radio::0::0###radio::1::1###radio::2::2','--- \n:required: true\n',1),(1794,272,'ListItem',2,30,'28','listitem::::Forstyrrer andre børn.','',0),(1795,272,'Rating',1,96,'94','radio::0::0###radio::1::1###radio::2::2','--- \n:required: true\n',1),(1796,272,'ListItemComment',2,82,'80','listitem::::Mærkelig opførsel (beskriv)###textbox::::','',3),(1797,272,'ListItem',2,22,'20','listitem::::Hører ikke efter - er ulydig.','',0),(1798,272,'ListItem',2,74,'72','listitem::::Er for lidt bange for at komme til skade.','',0),(1799,272,'Rating',1,62,'60','radio::0::0###radio::1::1###radio::2::2','--- \n:required: true\n',1),(1800,272,'ListItem',2,44,'42','listitem::::Kommer til at skade dyr eller mennesker, uden at det er med vilje.','',0),(1801,272,'ListItem',2,96,'94','listitem::::Fremtræder snavset, uren.','',0),(1802,272,'Rating',1,14,'12','radio::0::0###radio::1::1###radio::2::2','--- \n:required: true\n',1),(1803,272,'Rating',1,32,'30','radio::0::0###radio::1::1###radio::2::2','--- \n:required: true\n',1),(1804,272,'Rating',1,84,'82','radio::0::0###radio::1::1###radio::2::2','--- \n:required: true\n',1),(1805,272,'ListItem',2,62,'60','listitem::::Udslæt eller andre hudproblemer (uden kendt medicinsk årsag).','',0),(1806,272,'ListItem',2,14,'12','listitem::::Apatisk eller umotiveret.','',0),(1807,272,'Rating',1,54,'52','radio::0::0###radio::1::1###radio::2::2','--- \n:required: true\n',1),(1808,272,'ListItem',2,32,'30','listitem::::Bliver let jaloux.','',0),(1809,272,'Rating',1,46,'44','radio::0::0###radio::1::1###radio::2::2','--- \n:required: true\n',1),(1810,272,'ListItem',2,84,'82','listitem::::Pludselige ændringer i humør eller følelser.','',0),(1811,272,'Rating',1,98,'96','radio::0::0###radio::1::1###radio::2::2','--- \n:required: true\n',1),(1812,272,'Rating',1,24,'22','radio::0::0###radio::1::1###radio::2::2','--- \n:required: true\n',1),(1813,272,'ListItem',2,54,'52','listitem::::Bliver drillet af andre børn.','',0),(1814,272,'Rating',1,76,'74','radio::0::0###radio::1::1###radio::2::2','--- \n:required: true\n',1),(1815,272,'ListItem',2,46,'44','listitem::::Er ofte vred.','',0),(1816,272,'ListItem',2,98,'96','listitem::::Ønsker megen opmærksomhed.','',0),(1817,272,'ListItem',2,24,'22','listitem::::Er ondskabsfuld, tyranniserende eller grusom mod andre.','',0),(1818,272,'Rating',1,64,'62','radio::0::0###radio::1::1###radio::2::2','--- \n:required: true\n',1),(1819,272,'Rating',1,16,'14','radio::0::0###radio::1::1###radio::2::2','--- \n:required: true\n',1),(1820,272,'ListItem',2,76,'74','listitem::::Ikke vellidt af andre børn.','',0),(1821,272,'Rating',1,34,'32','radio::0::0###radio::1::1###radio::2::2','--- \n:required: true\n',1),(1822,272,'ListItem',2,64,'62','listitem::::Nægter at lege aktive lege.','',0),(1823,272,'ListItem',2,16,'14','listitem::::Gør dyr fortræd på en ondskabsfuld måde.','',0),(1824,272,'Rating',1,56,'54','radio::0::0###radio::1::1###radio::2::2','--- \n:required: true\n',1),(1825,272,'Rating',1,86,'84','radio::0::0###radio::1::1###radio::2::2','--- \n:required: true\n',1),(1826,272,'ListItemComment',2,34,'32','listitem::::Er bange for visse dyr, situationer eller steder andet end daginstitution/dagpleje eller skole (beskriv)###textbox::::','',3),(1827,272,'Rating',1,48,'46','radio::0::0###radio::1::1###radio::2::2','--- \n:required: true\n',1),(1828,272,'Information',1,2,'','questiontext::::0 = Passer ikke på mig 1 = Passer til en vis grad eller nogen gange 2 = Passer godt eller ofte','',0),(1829,272,'Rating',1,26,'24','radio::0::0###radio::1::1###radio::2::2','--- \n:required: true\n',1),(1830,272,'ListItemComment',2,56,'54','listitem::::Piller næse, hud eller andre dele af kroppen (beskriv)###textbox::::','',3),(1831,272,'ListItem',2,86,'84','listitem::::Driller meget.','',0),(1832,272,'Rating',1,78,'76','radio::0::0###radio::1::1###radio::2::2','--- \n:required: true\n',1),(1833,272,'Rating',1,18,'16','radio::0::0###radio::1::1###radio::2::2','--- \n:required: true\n',1),(1834,272,'ListItemComment',2,48,'46','listitem::::Nervøse bevægelser, tics eller trækninger (beskriv)###textbox::::','',3),(1835,272,'ListItem',2,26,'24','listitem::::Vanskeligt ved at følge instruktioner.','',0),(1836,272,'Rating',1,66,'64','radio::0::0###radio::1::1###radio::2::2','--- \n:required: true\n',1),(1837,272,'ListItemComment',2,78,'76','listitem::::Taleproblemer (beskriv)###textbox::::','',3),(1838,272,'ListItem',2,18,'16','listitem::::Behov skal tilfredsstilles med det samme.','',0),(1839,272,'Rating',1,58,'56','radio::0::0###radio::1::1###radio::2::2','--- \n:required: true\n',1),(1840,272,'ListItem',2,66,'64','listitem::::Uopmærksom, let afledelig.','',0),(1841,272,'Rating',1,88,'86','radio::0::0###radio::1::1###radio::2::2','--- \n:required: true\n',1),(1842,272,'Rating',1,36,'34','radio::0::0###radio::1::1###radio::2::2','--- \n:required: true\n',1),(1843,272,'ListItem',2,58,'56','listitem::::Klodset eller dårlig til at koordinere sine bevægelser.','',0),(1844,272,'Rating',1,28,'26','radio::0::0###radio::1::1###radio::2::2','--- \n:required: true\n',1),(1845,272,'ListItem',2,88,'86','listitem::::For optaget af orden og renlighed.','',0),(1846,272,'Rating',1,4,'2','radio::0::0###radio::1::1###radio::2::2','--- \n:required: true\n',1),(1847,272,'ListItem',2,36,'34','listitem::::Kommer ofte til skade, ulykkesfugl.','',0),(1848,272,'Rating',1,68,'66','radio::0::0###radio::1::1###radio::2::2','--- \n:required: true\n',1),(1849,272,'ListItem',2,28,'26','listitem::::Kan ikke more sig, opfører sig som en lille voksen.','',0),(1850,272,'ListItem',2,4,'2','listitem::::Opfører sig som yngre end han/hun er.','',0),(1851,272,'ListItem',2,68,'66','listitem::::Skriger meget.','',0),(1852,272,'Rating',1,38,'36','radio::0::0###radio::1::1###radio::2::2','--- \n:required: true\n',1),(1853,272,'Rating',1,91,'89','radio::0::0###radio::1::1###radio::2::2','--- \n:required: true\n',1),(1854,272,'Rating',1,6,'4','radio::0::0###radio::1::1###radio::2::2','--- \n:required: true\n',1),(1855,272,'ListItem',2,38,'36','listitem::::Blander sig i alting.','',0),(1856,272,'ListItem',2,91,'89','listitem::::For lidt aktiv, bevæger sig langsomt eller mangler energi.','',0),(1857,272,'Rating',1,102,'100','radio::0::0###radio::1::1###radio::2::2','--- \n:required: true\n',1),(1858,272,'ListItem',2,6,'4','listitem::::Undgår at se andre i øjnene (øjenkontakt).','',0),(1859,272,'ListItemComment',2,102,'100','listitem::::Har barnet problemer, som ikke allerede er nævnt, beskriv venligst disse problemer og marker 1 eller 2.###textbox::::','',3),(1860,272,'Rating',1,71,'69','radio::0::0###radio::1::1###radio::2::2','--- \n:required: true\n',1),(1861,272,'Rating',1,41,'39','radio::0::0###radio::1::1###radio::2::2','--- \n:required: true\n',1),(1862,272,'Rating',1,93,'91','radio::0::0###radio::1::1###radio::2::2','--- \n:required: true\n',1),(1863,272,'Rating',1,8,'6','radio::0::0###radio::1::1###radio::2::2','--- \n:required: true\n',1),(1864,272,'ListItem',2,71,'69','listitem::::Egoistisk eller uvillig til at dele.','',0),(1865,272,'ListItem',2,41,'39','listitem::::Hovedpine (uden kendt medicinsk årsag).','',0),(1866,272,'ListItem',2,93,'91','listitem::::Usædvanlig højrøstet.','',0),(1867,272,'Rating',1,11,'9','radio::0::0###radio::1::1###radio::2::2','--- \n:required: true\n',1),(1868,272,'Rating',1,100,'98','radio::0::0###radio::1::1###radio::2::2','--- \n:required: true\n',1),(1869,272,'ListItem',2,8,'6','listitem::::Kan ikke sidde stille, rastløs eller hyperaktiv.','',0),(1870,272,'Rating',1,81,'79','radio::0::0###radio::1::1###radio::2::2','--- \n:required: true\n',1),(1871,272,'ListItem',2,11,'9','listitem::::Tygger på ting som ikke er spiselige.','',0),(1872,272,'Rating',1,51,'49','radio::0::0###radio::1::1###radio::2::2','--- \n:required: true\n',1),(1873,273,'ListItem',1,1,'','listitem::::Klassetrin:','',0),(1874,273,'ListItem',1,2,'','listitem::::Skole (navn)','',0),(1875,273,'ListItem',2,1,'','listitem::::','',1),(1876,273,'TextBox',2,2,'','textbox::::','',1),(1959,275,'ListItem',1,1,'','listitem::::Klassetrin:','',0),(1960,275,'ListItem',1,2,'','listitem::::Skole (navn)','',0),(1961,275,'SelectOption',2,1,'','option::0::0. klasse###option::1::1. klasse###option::2::2. klasse###option::3::3. klasse###option::4::4. klasse###option::5::5. klasse###option::6::6. klasse###option::7::7. klasse###option::8::8. klasse###option::9::9. klasse###option::10::10. klasse###option::99::Andet','',1),(1962,275,'TextBox',2,2,'','textbox::::','',1),(1964,276,'Questiontext',1,1,'','questiontext::::Har der været iværksat specielle tiltag for eleven, eksempelvis specialundervisning, støttelærer, centerklasse eller lignende?','',0),(1965,276,'Rating',2,1,'','radio::0::Nej###radio::1::Ja','--- \n:switch: \n- a\n',1),(1966,276,'SelectOption',3,1,'','listitem::::Hvis ja, hvilken type?###option::1::specialundervisning###option::2::støttelærer###option::3::centerklasse###option::9::andet','--- \n:targets: \n- :target: a\n  :state: offstate\n',1),(1968,277,'Questiontext',1,1,'','questiontext::::Har eleven nogensinde gået en klasse om?','',0),(1969,277,'Rating',2,1,'','radio::0::Nej###radio::1::Ja','--- \n:switch: \n- b\n',1),(1970,277,'SelectOption',3,1,'','listitem::::Hvis ja, klasse og årsag?###option::0::0. klasse###option::1::1. klasse###option::2::2. klasse###option::3::3. klasse###option::4::4. klasse###option::5::5. klasse###option::6::6. klasse###option::7::7. klasse###option::8::8. klasse###option::9::9. klasse###option::10::10. klasse###option::99::Andet','--- \n:targets: \n- :target: b\n  :state: offstate\n',1),(1971,277,'ListItemComment',4,1,'','listitem::::årsag:###textbox::::','--- \n:targets: \n- :state: offstate\n  :target: b\n',3),(2015,7,'Rating',2,6,'1d','radio::1::###radio::2::###radio::3::###radio::4::','--- \n:targets: \n- :target: e\n  :state: onstate\n',1),(2016,7,'ListItem',1,7,'1e','listitem::::Engelsk','--- \n:targets: \n- :target: e\n  :state: onstate\n',0),(2018,7,'Rating',2,7,'1e','radio::1::###radio::2::###radio::3::###radio::4::','--- \n:targets: \n- :target: e\n  :state: onstate\n',1),(2020,7,'SelectOption',1,8,'1f','option::1::Religion###option::2::Geografi###option::3::Formning###option::4::Sløjd###option::5::Gymnastik###option::6::Fysik###option::7::Tysk###option::8::Fransk###option::88::Andet','--- \n:targets: \n- :target: e\n  :state: onstate\n',1),(2022,7,'Rating',2,8,'1f','radio::1::###radio::2::###radio::3::###radio::4::','--- \n:targets: \n- :target: e\n  :state: onstate\n',1),(2023,7,'SelectOption',1,9,'1g','option::1::Religion###option::2::Geografi###option::3::Formning###option::4::Sløjd###option::5::Gymnastik###option::6::Fysik###option::7::Tysk###option::8::Fransk###option::88::Andet','--- \n:targets: \n- :target: e\n  :state: onstate\n',1),(2025,7,'Rating',2,9,'1g','radio::1::###radio::2::###radio::3::###radio::4::','--- \n:targets: \n- :target: e\n  :state: onstate\n',1),(2026,7,'Checkbox',1,1,'','checkbox::1::Går barnet i skole?','--- \n:switch: \n- e\n- i\n',1),(2027,7,'ListItem',1,2,'1','listitem::::Skolefærdigheder (for børn fra 6 år og opefter).','--- \n:targets: \n- :target: e\n  :state: onstate\n',0),(2028,7,'ListItemComment',2,1,'','listitem::::Hvis barnet ikke undervises, skriv venligst hvorfor.###textbox::::','--- \n:targets: \n- :target: i\n  :state: offstate\n',3),(2030,7,'ListItem',1,3,'1a','listitem::::Læsning','--- \n:targets: \n- :target: e\n  :state: onstate\n',0),(2031,7,'Description',2,2,'1','desc::1::Langt Under Middel###desc::2::Under Middel###desc::3::Middel###desc::4::Over Middel','--- \n:targets: \n- :target: e\n  :state: onstate\n',0),(2032,7,'ListItem',1,4,'1b','listitem::::Stavning','--- \n:targets: \n- :target: e\n  :state: onstate\n',0),(2034,7,'Rating',2,3,'1a','radio::1::###radio::2::###radio::3::###radio::4::','--- \n:targets: \n- :target: e\n  :state: onstate\n',1),(2036,7,'ListItem',1,5,'1c','listitem::::Matematik og regning','--- \n:targets: \n- :target: e\n  :state: onstate\n',0),(2037,7,'Rating',2,4,'1b','radio::1::###radio::2::###radio::3::###radio::4::','--- \n:targets: \n- :target: e\n  :state: onstate\n',1),(2038,7,'Rating',2,5,'1c','radio::1::###radio::2::###radio::3::###radio::4::','--- \n:targets: \n- :target: e\n  :state: onstate\n',1),(2039,7,'ListItem',1,6,'1d','listitem::::Natur og teknik','--- \n:targets: \n- :target: e\n  :state: onstate\n',0),(2040,278,'Description',1,1,'1','desc::::Langt Under Middel###desc::::Under Middel###desc::::Middel###desc::::Over Middel','',0),(2041,276,'ListItemComment',4,1,'','listitem::::andet:###textbox::::','--- \n:targets: \n- :state: offstate\n  :target: a\n',3);
/*!40000 ALTER TABLE `question_cells` ENABLE KEYS */;
UNLOCK TABLES;
/*!40103 SET TIME_ZONE=@OLD_TIME_ZONE */;

/*!40101 SET SQL_MODE=@OLD_SQL_MODE */;
/*!40014 SET FOREIGN_KEY_CHECKS=@OLD_FOREIGN_KEY_CHECKS */;
/*!40014 SET UNIQUE_CHECKS=@OLD_UNIQUE_CHECKS */;
/*!40101 SET CHARACTER_SET_CLIENT=@OLD_CHARACTER_SET_CLIENT */;
/*!40101 SET CHARACTER_SET_RESULTS=@OLD_CHARACTER_SET_RESULTS */;
/*!40101 SET COLLATION_CONNECTION=@OLD_COLLATION_CONNECTION */;
/*!40111 SET SQL_NOTES=@OLD_SQL_NOTES */;

-- Dump completed on 2013-06-22 18:10:21
